timestamp,realVolumeValue,accX,accY,accZ,ir0,ir1,ir2,milkVolume,confidence,totalMilkVolume,totalRange,bottleSize,bottleState,tiltOutOfRange,motionOutOfRange
1698068134.8355908,70,3165.0,91.0,15980.0,14476.0,13412.0,16382.0,0.0,0.0,0.0,0.0,0.0,5.0,0.0,0.0
1698068135.045662,70,3385.0,181.0,16000.0,14367.0,13308.0,16282.0,0.0,0.0,0.0,0.0,0.0,5.0,0.0,0.0
1698068135.2257771,70,3031.0,54.0,16155.0,14569.0,13722.0,16961.0,0.0,0.0,0.0,0.0,0.0,5.0,0.0,0.0
1698068135.4360352,70,3041.0,178.0,16044.0,14531.0,13342.0,16085.0,0.0,0.0,0.0,0.0,0.0,5.0,0.0,0.0
1698068135.645396,70,3149.0,189.0,16030.0,14341.0,13333.0,16489.0,0.0,0.0,0.0,0.0,0.0,5.0,0.0,0.0
1698068135.84742,70,3168.0,179.0,15903.0,14422.0,13335.0,16319.0,0.0,0.0,0.0,0.0,0.0,5.0,0.0,0.0
1698068136.035625,70,3206.0,212.0,16212.0,14253.0,13323.0,16308.0,0.0,0.0,0.0,0.0,0.0,5.0,0.0,0.0
1698068136.246537,70,3081.0,1.0,15963.0,14360.0,13337.0,16221.0,0.0,0.0,0.0,0.0,0.0,5.0,0.0,0.0
1698068136.424803,70,2725.0,317.0,15970.0,14773.0,13395.0,16203.0,0.0,0.0,0.0,0.0,0.0,5.0,0.0,0.0
1698068136.6358209,70,2904.0,419.0,16001.0,14350.0,13265.0,16397.0,0.0,0.0,0.0,0.0,0.0,5.0,0.0,0.0
1698068136.847601,70,2657.0,589.0,16304.0,15249.0,13617.0,16271.0,0.0,0.0,0.0,0.0,0.0,5.0,0.0,0.0
1698068137.0254412,70,2487.0,529.0,15994.0,15033.0,13514.0,16842.0,0.0,0.0,0.0,0.0,0.0,5.0,0.0,0.0
1698068137.235842,70,2018.0,1599.0,15756.0,15996.0,13111.0,15484.0,0.0,0.0,0.0,0.0,0.0,5.0,0.0,0.0
1698068137.4474158,70,563.0,3213.0,16240.0,16937.0,13216.0,15725.0,0.0,0.0,0.0,0.0,0.0,5.0,0.0,0.0
1698068137.6263862,70,-33.0,3353.0,16597.0,17144.0,12610.0,14568.0,0.0,0.0,0.0,0.0,0.0,5.0,0.0,0.0
1698068137.836999,70,-104.0,2471.0,15846.0,16524.0,13119.0,16019.0,0.0,0.0,0.0,0.0,0.0,5.0,0.0,0.0
1698068138.04584,70,153.0,2540.0,16174.0,16707.0,12994.0,15177.0,0.0,0.0,0.0,0.0,0.0,5.0,0.0,0.0
1698068138.225951,70,208.0,2190.0,15927.0,16870.0,13220.0,15479.0,0.0,0.0,0.0,0.0,0.0,5.0,0.0,0.0
1698068138.435435,70,396.0,2047.0,16326.0,16436.0,13516.0,16233.0,0.0,0.0,0.0,0.0,0.0,5.0,0.0,0.0
1698068138.6460152,70,549.0,2213.0,16186.0,16699.0,13027.0,15001.0,0.0,0.0,0.0,0.0,0.0,5.0,0.0,0.0
1698068138.8251572,70,1106.0,1355.0,15903.0,15297.0,13578.0,17163.0,0.0,0.0,0.0,0.0,0.0,5.0,0.0,0.0
1698068139.066049,70,2309.0,-488.0,16288.0,15012.0,14047.0,16742.0,0.0,0.0,0.0,0.0,0.0,5.0,0.0,0.0
1698068139.275433,70,3009.0,-434.0,16142.0,13593.0,13820.0,16603.0,0.0,0.0,0.0,0.0,0.0,5.0,0.0,0.0
1698068139.4572759,70,3678.0,-993.0,15688.0,14021.0,13829.0,16128.0,0.0,0.0,0.0,0.0,0.0,5.0,0.0,0.0
1698068139.665927,70,3568.0,-1068.0,15777.0,12460.0,13296.0,17376.0,0.0,0.0,0.0,0.0,0.0,5.0,0.0,0.0
1698068139.874741,70,3328.0,-1203.0,16202.0,13687.0,13666.0,16056.0,0.0,0.0,0.0,0.0,0.0,5.0,0.0,0.0
1698068140.055376,70,3197.0,-1250.0,16213.0,12503.0,13642.0,17653.0,0.0,0.0,0.0,0.0,0.0,5.0,0.0,0.0
1698068140.2676249,70,2997.0,-1219.0,15813.0,14622.0,14527.0,17061.0,0.0,0.0,0.0,0.0,0.0,5.0,0.0,0.0
1698068140.4779491,70,2933.0,-1346.0,16055.0,12686.0,13261.0,16821.0,0.0,0.0,0.0,0.0,0.0,5.0,0.0,0.0
1698068140.6572251,70,2997.0,-1259.0,15895.0,13840.0,14070.0,17075.0,0.0,0.0,0.0,0.0,0.0,5.0,0.0,0.0
1698068140.865993,70,2874.0,-1107.0,16291.0,13858.0,14250.0,17528.0,0.0,0.0,0.0,0.0,0.0,5.0,0.0,0.0
1698068141.076616,70,3060.0,-1166.0,16019.0,13158.0,13308.0,16643.0,0.0,0.0,0.0,0.0,0.0,5.0,0.0,0.0
1698068141.255472,70,3089.0,-1059.0,15958.0,14287.0,14049.0,16898.0,0.0,0.0,0.0,0.0,0.0,5.0,0.0,0.0
1698068141.4647179,70,2839.0,-1031.0,16012.0,13286.0,13624.0,17641.0,0.0,0.0,0.0,0.0,0.0,5.0,0.0,0.0
1698068141.6761389,70,2573.0,-1127.0,15984.0,14189.0,13763.0,16442.0,0.0,0.0,0.0,0.0,0.0,5.0,0.0,0.0
1698068141.857589,70,2656.0,-1062.0,16115.0,13388.0,13610.0,17900.0,0.0,0.0,0.0,0.0,0.0,5.0,0.0,0.0
1698068142.0659242,70,2712.0,-1146.0,16057.0,14620.0,14143.0,16954.0,0.0,0.0,0.0,0.0,0.0,5.0,0.0,0.0
1698068142.275907,70,2285.0,-1259.0,15939.0,12959.0,13352.0,17487.0,0.0,0.0,0.0,0.0,0.0,5.0,0.0,0.0
1698068142.455926,70,2732.0,-863.0,16189.0,14271.0,14076.0,17001.0,0.0,0.0,0.0,0.0,0.0,5.0,0.0,0.0
1698068142.66536,70,2758.0,-679.0,15918.0,13991.0,13547.0,16838.0,0.0,0.0,0.0,0.0,0.0,5.0,0.0,0.0
1698068142.876828,70,2815.0,-203.0,16091.0,14205.0,13304.0,16208.0,0.0,0.0,0.0,0.0,0.0,5.0,0.0,0.0
1698068143.057828,70,2780.0,719.0,16117.0,15413.0,13576.0,16310.0,0.0,0.0,0.0,0.0,0.0,5.0,0.0,0.0
1698068143.265674,70,3415.0,1232.0,15662.0,14635.0,12959.0,16021.0,0.0,0.0,0.0,0.0,0.0,5.0,0.0,0.0
1698068143.507277,70,2671.0,1848.0,16710.0,15450.0,12874.0,15764.0,0.0,0.0,0.0,0.0,0.0,5.0,0.0,0.0
1698068143.6873732,70,1680.0,1250.0,16474.0,15040.0,13954.0,18036.0,0.0,0.0,0.0,0.0,0.0,5.0,0.0,0.0
1698068143.897816,70,1938.0,1576.0,16315.0,16373.0,13035.0,15041.0,0.0,0.0,0.0,0.0,0.0,5.0,0.0,0.0
1698068144.107284,70,1442.0,1270.0,15728.0,14568.0,12913.0,16317.0,0.0,0.0,0.0,0.0,0.0,5.0,0.0,0.0
1698068144.286027,70,1871.0,1322.0,15860.0,15956.0,13197.0,15094.0,0.0,0.0,0.0,0.0,0.0,5.0,0.0,0.0
1698068144.497297,70,1021.0,1068.0,16021.0,16133.0,13910.0,16574.0,0.0,0.0,0.0,0.0,0.0,5.0,0.0,0.0
1698068144.7077389,70,1394.0,291.0,17538.0,14429.0,13362.0,17786.0,0.0,0.0,0.0,0.0,0.0,5.0,0.0,0.0
1698068144.886818,70,561.0,237.0,15693.0,16148.0,12826.0,15270.0,0.0,0.0,0.0,0.0,0.0,5.0,0.0,0.0
1698068145.127804,70,943.0,-183.0,16545.0,12590.0,12782.0,18531.0,0.0,0.0,0.0,0.0,0.0,5.0,0.0,0.0
1698068145.3060389,70,498.0,370.0,15729.0,15485.0,12620.0,14154.0,0.0,0.0,0.0,0.0,0.0,5.0,0.0,0.0
1698068145.485835,70,591.0,361.0,16558.0,13278.0,13214.0,18295.0,0.0,0.0,0.0,0.0,0.0,5.0,0.0,0.0
1698068145.6971421,70,391.0,139.0,16568.0,15782.0,14052.0,16051.0,0.0,0.0,0.0,0.0,0.0,5.0,0.0,0.0
1698068145.905802,70,327.0,569.0,16310.0,14471.0,13287.0,19223.0,0.0,0.0,0.0,0.0,0.0,5.0,0.0,0.0
1698068146.087829,70,429.0,183.0,16270.0,16942.0,14253.0,16863.0,0.0,0.0,0.0,0.0,0.0,5.0,0.0,0.0
1698068146.2972178,70,340.0,85.0,16321.0,15964.0,14439.0,17646.0,0.0,0.0,0.0,0.0,0.0,5.0,0.0,0.0
1698068146.506219,70,555.0,158.0,16168.0,14905.0,14225.0,18403.0,0.0,0.0,0.0,0.0,0.0,5.0,0.0,0.0
1698068146.684863,70,605.0,135.0,16334.0,16147.0,13920.0,16293.0,0.0,0.0,0.0,0.0,0.0,5.0,0.0,0.0
1698068146.8975139,70,437.0,91.0,16292.0,13484.0,13510.0,18617.0,0.0,0.0,0.0,0.0,0.0,5.0,0.0,0.0
1698068147.10738,70,531.0,84.0,16095.0,16472.0,13411.0,15408.0,0.0,0.0,0.0,0.0,0.0,5.0,0.0,0.0
1698068147.287249,70,539.0,9.0,16238.0,13539.0,13403.0,18829.0,0.0,0.0,0.0,0.0,0.0,5.0,0.0,0.0
1698068147.4977012,70,539.0,-21.0,16406.0,16687.0,13729.0,15871.0,0.0,0.0,0.0,0.0,0.0,5.0,0.0,0.0
1698068147.704668,70,779.0,149.0,16205.0,13745.0,13473.0,18498.0,0.0,0.0,0.0,0.0,0.0,5.0,0.0,0.0
1698068147.914963,70,777.0,289.0,16440.0,16437.0,14022.0,16411.0,0.0,0.0,0.0,0.0,0.0,5.0,0.0,0.0
1698068148.127688,70,553.0,-82.0,16116.0,14278.0,13845.0,18732.0,0.0,0.0,0.0,0.0,0.0,5.0,0.0,0.0
1698068148.3058748,70,655.0,65.0,16299.0,15694.0,14080.0,17222.0,0.0,0.0,0.0,0.0,0.0,5.0,0.0,0.0
1698068148.515697,70,593.0,-26.0,16159.0,15053.0,14442.0,18169.0,0.0,0.0,0.0,0.0,0.0,5.0,0.0,0.0
1698068148.726098,70,895.0,-234.0,16389.0,14963.0,14439.0,18459.0,0.0,0.0,0.0,0.0,0.0,5.0,0.0,0.0
1698068148.906048,70,1015.0,-595.0,16198.0,15224.0,14454.0,17483.0,0.0,0.0,0.0,0.0,0.0,5.0,0.0,0.0
1698068149.115936,70,901.0,-605.0,15980.0,14237.0,13819.0,18546.0,0.0,0.0,0.0,0.0,0.0,5.0,0.0,0.0
1698068149.327168,70,899.0,-559.0,16255.0,15411.0,14519.0,17351.0,0.0,0.0,0.0,0.0,0.0,5.0,0.0,0.0
1698068149.5076199,70,691.0,-513.0,16264.0,14073.0,14036.0,18835.0,0.0,0.0,0.0,0.0,0.0,5.0,0.0,0.0
1698068149.7157469,70,727.0,-517.0,16224.0,15620.0,14373.0,17396.0,0.0,0.0,0.0,0.0,0.0,5.0,0.0,0.0
1698068149.926012,70,829.0,-248.0,16511.0,14539.0,14131.0,18542.0,0.0,0.0,0.0,0.0,0.0,5.0,0.0,0.0
1698068150.1077871,70,1448.0,-426.0,16077.0,15083.0,14328.0,17401.0,0.0,0.0,0.0,0.0,0.0,5.0,0.0,0.0
1698068150.3173862,70,1832.0,-511.0,16435.0,13681.0,13993.0,18804.0,0.0,0.0,0.0,0.0,0.0,5.0,0.0,0.0
1698068150.525372,70,2089.0,-1256.0,16404.0,14992.0,14107.0,16242.0,0.0,0.0,0.0,0.0,0.0,5.0,0.0,0.0
1698068150.707335,70,2638.0,-1311.0,16036.0,12435.0,13396.0,17404.0,0.0,0.0,0.0,0.0,0.0,5.0,0.0,0.0
1698068150.916092,70,2708.0,-1566.0,15995.0,14634.0,14558.0,17287.0,0.0,0.0,0.0,0.0,0.0,5.0,0.0,0.0
1698068151.1254911,70,2888.0,-1219.0,16105.0,12897.0,13442.0,17298.0,0.0,0.0,0.0,0.0,0.0,5.0,0.0,0.0
1698068151.3054209,70,2879.0,-1556.0,16009.0,13552.0,13871.0,16877.0,0.0,0.0,0.0,0.0,0.0,5.0,0.0,0.0
1698068151.51771,70,2727.0,-1226.0,16137.0,13965.0,14367.0,17529.0,0.0,0.0,0.0,0.0,0.0,5.0,0.0,0.0
1698068151.727206,70,2871.0,-1327.0,15879.0,13308.0,13629.0,17404.0,0.0,0.0,0.0,0.0,0.0,5.0,0.0,0.0
1698068151.907374,70,2421.0,-1190.0,16024.0,14589.0,14157.0,16951.0,0.0,0.0,0.0,0.0,0.0,5.0,0.0,0.0
1698068152.147423,70,2421.0,-587.0,16163.0,14320.0,13937.0,17620.0,0.0,0.0,0.0,0.0,0.0,5.0,0.0,0.0
1698068152.327352,70,1611.0,256.0,16218.0,15456.0,14261.0,17315.0,0.0,0.0,0.0,0.0,0.0,5.0,0.0,0.0
1698068152.535842,70,1259.0,-164.0,16241.0,14797.0,13981.0,17767.0,0.0,0.0,0.0,0.0,0.0,5.0,0.0,0.0
1698068152.745805,70,745.0,-225.0,16275.0,15599.0,14137.0,17257.0,0.0,0.0,0.0,0.0,0.0,5.0,0.0,0.0
1698068152.9275951,70,460.0,-473.0,16270.0,14878.0,14097.0,18761.0,0.0,0.0,0.0,0.0,0.0,5.0,0.0,0.0
1698068153.1358519,70,577.0,-579.0,16136.0,15181.0,14595.0,17795.0,0.0,0.0,0.0,0.0,0.0,5.0,0.0,0.0
1698068153.3459702,70,689.0,-333.0,16395.0,14845.0,14174.0,18361.0,0.0,0.0,0.0,0.0,0.0,5.0,0.0,0.0
1698068153.527576,70,623.0,-503.0,16318.0,14896.0,14458.0,18283.0,0.0,0.0,0.0,0.0,0.0,5.0,0.0,0.0
1698068153.735549,70,414.0,-545.0,16198.0,15092.0,14428.0,18299.0,0.0,0.0,0.0,0.0,0.0,5.0,0.0,0.0
1698068153.946584,70,833.0,-490.0,16284.0,14670.0,14054.0,18283.0,0.0,0.0,0.0,0.0,0.0,5.0,0.0,0.0
1698068154.126202,70,733.0,-707.0,16159.0,15045.0,14392.0,18176.0,0.0,0.0,0.0,0.0,0.0,5.0,0.0,0.0
1698068154.337613,70,795.0,-553.0,16214.0,14887.0,14339.0,18486.0,0.0,0.0,0.0,0.0,0.0,5.0,0.0,0.0
1698068154.545645,70,649.0,-531.0,16300.0,14841.0,14372.0,18189.0,0.0,0.0,0.0,0.0,0.0,5.0,0.0,0.0
1698068154.725472,70,575.0,-557.0,16284.0,14970.0,14276.0,18420.0,0.0,0.0,0.0,0.0,0.0,5.0,0.0,0.0
1698068154.9376512,70,389.0,-639.0,16322.0,14885.0,14422.0,18419.0,0.0,0.0,0.0,0.0,0.0,5.0,0.0,0.0
1698068155.145067,70,124.0,-755.0,16169.0,14951.0,14260.0,18515.0,0.0,0.0,0.0,0.0,0.0,5.0,0.0,0.0
1698068155.3247619,70,659.0,-683.0,16259.0,14837.0,14481.0,18263.0,0.0,0.0,0.0,0.0,0.0,5.0,0.0,0.0
1698068155.535462,70,399.0,-785.0,16297.0,14873.0,14264.0,18508.0,0.0,0.0,0.0,0.0,0.0,5.0,0.0,0.0
1698068155.7466931,70,381.0,-767.0,16119.0,14910.0,14337.0,18411.0,0.0,0.0,0.0,0.0,0.0,5.0,0.0,0.0
1698068155.926847,70,390.0,-597.0,16242.0,14852.0,14290.0,18410.0,0.0,0.0,0.0,0.0,0.0,5.0,0.0,0.0
1698068156.1357079,70,492.0,-719.0,16262.0,14928.0,14358.0,18425.0,0.0,0.0,0.0,0.0,0.0,5.0,0.0,0.0
1698068156.375649,70,400.0,-783.0,16281.0,14858.0,14334.0,18398.0,0.0,0.0,0.0,0.0,0.0,5.0,0.0,0.0
1698068156.557187,70,255.0,-831.0,16166.0,14995.0,14273.0,18527.0,0.0,0.0,0.0,0.0,0.0,5.0,0.0,0.0
1698068156.767528,70,513.0,-609.0,16311.0,14833.0,14453.0,18328.0,0.0,0.0,0.0,0.0,0.0,5.0,0.0,0.0
1698068156.976131,70,454.0,-721.0,16200.0,14936.0,14392.0,18516.0,0.0,0.0,0.0,0.0,0.0,5.0,0.0,0.0
1698068157.155999,70,173.0,-673.0,16383.0,14896.0,14403.0,18414.0,0.0,0.0,0.0,0.0,0.0,5.0,0.0,0.0
1698068157.364733,70,221.0,-851.0,16160.0,14803.0,14338.0,18570.0,0.0,0.0,0.0,0.0,0.0,5.0,0.0,0.0
1698068157.577702,70,139.0,-793.0,16295.0,14848.0,14329.0,18424.0,0.0,0.0,0.0,0.0,0.0,5.0,0.0,0.0
1698068157.7558289,70,225.0,-799.0,16370.0,14905.0,14467.0,18404.0,0.0,0.0,0.0,0.0,0.0,5.0,0.0,0.0
1698068157.965345,70,73.0,-789.0,16323.0,14967.0,14362.0,18603.0,0.0,0.0,0.0,0.0,0.0,5.0,0.0,0.0
1698068158.177738,70,315.0,-803.0,16115.0,14840.0,14374.0,18312.0,0.0,0.0,0.0,0.0,0.0,5.0,0.0,0.0
1698068158.355052,70,192.0,-837.0,16320.0,14835.0,14310.0,18361.0,0.0,0.0,0.0,0.0,0.0,5.0,0.0,0.0
1698068158.564559,70,402.0,-813.0,16277.0,14988.0,14539.0,18494.0,0.0,0.0,0.0,0.0,0.0,5.0,0.0,0.0
1698068158.777711,70,729.0,-835.0,16953.0,14842.0,14375.0,18449.0,0.0,0.0,0.0,0.0,0.0,5.0,0.0,0.0
1698068158.9575949,70,1206.0,-919.0,16270.0,14720.0,14316.0,18106.0,0.0,0.0,0.0,0.0,0.0,5.0,0.0,0.0
1698068159.16712,70,1759.0,-1455.0,15911.0,13768.0,13759.0,18464.0,0.0,0.0,0.0,0.0,0.0,5.0,0.0,0.0
1698068159.376564,70,1776.0,-1684.0,16137.0,13245.0,13948.0,18243.0,0.0,0.0,0.0,0.0,0.0,5.0,0.0,0.0
1698068159.5559769,70,2356.0,-2122.0,15493.0,13912.0,14449.0,17475.0,0.0,0.0,0.0,0.0,0.0,5.0,0.0,0.0
1698068159.7670221,70,2641.0,-1966.0,15590.0,13341.0,13975.0,18054.0,0.0,0.0,0.0,0.0,0.0,5.0,0.0,0.0
1698068159.9769568,70,2972.0,-1387.0,15824.0,13907.0,13658.0,16842.0,0.0,0.0,0.0,0.0,0.0,5.0,0.0,0.0
1698068160.155896,70,2839.0,-367.0,16283.0,14270.0,13663.0,16486.0,0.0,0.0,0.0,0.0,0.0,5.0,0.0,0.0
1698068160.3646688,70,2157.0,390.0,16180.0,15713.0,14056.0,17141.0,0.0,0.0,0.0,0.0,0.0,5.0,0.0,0.0
1698068160.606038,70,2743.0,-186.0,16063.0,15379.0,13320.0,15765.0,0.0,0.0,0.0,0.0,0.0,5.0,0.0,0.0
1698068160.7845979,70,3335.0,-1378.0,15325.0,12215.0,12508.0,16877.0,0.0,0.0,0.0,0.0,0.0,5.0,0.0,0.0
1698068160.996059,70,3290.0,-19.0,15931.0,15539.0,13351.0,15394.0,0.0,0.0,0.0,0.0,0.0,5.0,0.0,0.0
1698068161.2057328,70,3351.0,-260.0,15363.0,13631.0,13029.0,17431.0,0.0,0.0,0.0,0.0,0.0,5.0,0.0,0.0
1698068161.3853421,70,3175.0,-1419.0,15538.0,14112.0,13214.0,15702.0,0.0,0.0,0.0,0.0,0.0,5.0,0.0,0.0
1698068161.596023,70,3199.0,723.0,17145.0,13590.0,12949.0,16280.0,0.0,0.0,0.0,0.0,0.0,5.0,0.0,0.0
1698068161.804873,70,2445.0,3630.0,15773.0,15689.0,11894.0,13140.0,0.0,0.0,0.0,0.0,0.0,5.0,0.0,0.0
1698068161.985425,70,3278.0,3489.0,15169.0,15136.0,13036.0,14012.0,0.0,0.0,0.0,0.0,0.0,5.0,0.0,0.0
1698068162.195835,70,3239.0,59.0,16313.0,14502.0,13782.0,15786.0,0.0,0.0,0.0,0.0,0.0,5.0,0.0,0.0
1698068162.407193,70,3197.0,841.0,16144.0,15597.0,13347.0,14589.0,0.0,0.0,0.0,0.0,0.0,5.0,0.0,0.0
1698068162.584616,70,3126.0,481.0,15896.0,13802.0,13767.0,16357.0,0.0,0.0,0.0,0.0,0.0,5.0,0.0,0.0
1698068162.795686,70,3159.0,775.0,16120.0,14985.0,13294.0,15107.0,0.0,0.0,0.0,0.0,0.0,5.0,0.0,0.0
1698068163.007388,70,3186.0,995.0,16525.0,15198.0,14211.0,15618.0,0.0,0.0,0.0,0.0,0.0,5.0,0.0,0.0
1698068163.185427,70,2471.0,807.0,15692.0,16137.0,14127.0,15052.0,0.0,0.0,0.0,0.0,0.0,5.0,0.0,0.0
1698068163.39579,70,2018.0,1091.0,15415.0,15449.0,14018.0,16664.0,0.0,0.0,0.0,0.0,0.0,5.0,0.0,0.0
1698068163.605731,70,3106.0,1435.0,17075.0,14082.0,13344.0,15282.0,0.0,0.0,0.0,0.0,0.0,5.0,0.0,0.0
1698068163.785428,70,1484.0,2551.0,15786.0,15722.0,14711.0,17422.0,0.0,0.0,0.0,0.0,0.0,5.0,0.0,0.0
1698068163.996146,70,1735.0,1767.0,16557.0,14723.0,14219.0,15567.0,0.0,0.0,0.0,0.0,0.0,5.0,0.0,0.0
1698068164.204958,70,2023.0,1232.0,16162.0,15743.0,14054.0,15109.0,0.0,0.0,0.0,0.0,0.0,5.0,0.0,0.0
1698068164.385415,70,1916.0,605.0,16223.0,15184.0,14599.0,17601.0,0.0,0.0,0.0,0.0,0.0,5.0,0.0,0.0
1698068164.5957742,70,2520.0,1127.0,16317.0,14140.0,13245.0,14987.0,0.0,0.0,0.0,0.0,0.0,5.0,0.0,0.0
1698068164.805728,70,2437.0,805.0,16095.0,15149.0,14594.0,16472.0,0.0,0.0,0.0,0.0,0.0,2.0,0.0,0.0
1698068165.016858,70,2413.0,187.0,16040.0,15676.0,14562.0,16720.0,120.0,15.0,120.0,15.0,0.0,2.0,0.0,0.0
1698068165.224644,70,2681.0,489.0,16088.0,14869.0,13652.0,15885.0,120.0,15.0,120.0,15.0,0.0,2.0,0.0,0.0
1698068165.405721,70,2800.0,480.0,16096.0,13716.0,13153.0,15820.0,120.0,15.0,120.0,15.0,0.0,2.0,0.0,0.0
1698068165.615921,70,2565.0,414.0,16178.0,16003.0,14636.0,17080.0,120.0,15.0,120.0,15.0,0.0,2.0,0.0,0.0
1698068165.827352,70,2165.0,227.0,16101.0,13735.0,13701.0,16175.0,120.0,15.0,120.0,15.0,0.0,2.0,0.0,0.0
1698068166.0056028,70,1710.0,443.0,16218.0,15269.0,13900.0,15838.0,120.0,15.0,120.0,15.0,0.0,2.0,0.0,0.0
1698068166.2175841,70,1708.0,179.0,16150.0,14906.0,14617.0,18290.0,110.0,5.0,110.0,5.0,0.0,2.0,0.0,0.0
1698068166.424546,70,1419.0,625.0,16469.0,15400.0,14200.0,16198.0,110.0,5.0,110.0,5.0,0.0,2.0,0.0,0.0
1698068166.60566,70,1482.0,362.0,16231.0,14934.0,14667.0,17258.0,110.0,5.0,110.0,5.0,0.0,2.0,0.0,0.0
1698068166.816735,70,1639.0,318.0,16202.0,15925.0,14636.0,17042.0,110.0,5.0,110.0,5.0,0.0,2.0,0.0,0.0
1698068167.025712,70,1511.0,122.0,16176.0,15084.0,14526.0,17231.0,110.0,5.0,110.0,5.0,0.0,2.0,0.0,0.0
1698068167.206989,70,1852.0,298.0,16407.0,14963.0,14245.0,16588.0,110.0,5.0,110.0,5.0,0.0,2.0,0.0,0.0
1698068167.415951,70,1896.0,225.0,16075.0,15557.0,14591.0,17209.0,110.0,5.0,110.0,5.0,0.0,2.0,0.0,0.0
1698068167.627173,70,2118.0,519.0,16151.0,14748.0,14239.0,16631.0,110.0,5.0,110.0,5.0,0.0,2.0,0.0,0.0
1698068167.807157,70,2138.0,355.0,16144.0,15070.0,14125.0,16005.0,110.0,5.0,110.0,5.0,0.0,2.0,0.0,0.0
1698068168.016387,70,2241.0,454.0,16114.0,14947.0,14551.0,17452.0,110.0,5.0,110.0,5.0,0.0,2.0,0.0,0.0
1698068168.2271771,70,1919.0,545.0,16314.0,15453.0,14203.0,16452.0,110.0,5.0,110.0,5.0,0.0,2.0,0.0,0.0
1698068168.406115,70,2262.0,424.0,16181.0,14370.0,14222.0,16754.0,110.0,5.0,110.0,5.0,0.0,2.0,0.0,0.0
1698068168.6156402,70,2160.0,351.0,16226.0,15861.0,14438.0,16933.0,110.0,5.0,110.0,5.0,0.0,2.0,0.0,0.0
1698068168.825973,70,1986.0,219.0,16135.0,14845.0,14394.0,16984.0,110.0,5.0,110.0,5.0,0.0,2.0,0.0,0.0
1698068169.007731,70,2137.0,369.0,16200.0,14690.0,14063.0,16213.0,110.0,5.0,110.0,5.0,0.0,2.0,0.0,0.0
1698068169.247642,70,2012.0,163.0,16219.0,15307.0,14711.0,17506.0,110.0,5.0,110.0,5.0,0.0,2.0,0.0,0.0
1698068169.427675,70,2003.0,212.0,16062.0,14456.0,14116.0,16546.0,110.0,5.0,110.0,5.0,0.0,2.0,0.0,0.0
1698068169.6361032,70,1896.0,195.0,16169.0,15303.0,14303.0,16712.0,110.0,5.0,110.0,5.0,0.0,2.0,0.0,0.0
1698068169.8472219,70,1875.0,197.0,16058.0,14864.0,14441.0,17781.0,110.0,5.0,110.0,5.0,0.0,2.0,0.0,0.0
1698068170.025584,70,1738.0,247.0,16158.0,15396.0,14223.0,16445.0,110.0,5.0,110.0,5.0,0.0,2.0,0.0,0.0
1698068170.23763,70,1839.0,352.0,16419.0,14778.0,14565.0,17361.0,110.0,5.0,110.0,5.0,0.0,2.0,0.0,0.0
1698068170.445582,70,1616.0,327.0,16222.0,16052.0,14313.0,16713.0,110.0,5.0,110.0,5.0,0.0,2.0,0.0,0.0
1698068170.62763,70,1890.0,277.0,16365.0,14420.0,14291.0,17137.0,110.0,5.0,110.0,5.0,0.0,2.0,0.0,0.0
1698068170.835866,70,1578.0,59.0,16232.0,15726.0,14383.0,16730.0,110.0,5.0,110.0,5.0,0.0,2.0,0.0,0.0
1698068171.045681,70,1738.0,136.0,16228.0,14830.0,14470.0,17574.0,110.0,5.0,110.0,5.0,0.0,2.0,0.0,0.0
1698068171.2271461,70,1851.0,172.0,15909.0,15510.0,14472.0,16818.0,110.0,5.0,110.0,5.0,0.0,2.0,0.0,0.0
1698068171.436168,70,1862.0,428.0,16131.0,14942.0,14423.0,17088.0,110.0,5.0,110.0,5.0,0.0,2.0,0.0,0.0
1698068171.647225,70,1867.0,158.0,16053.0,15220.0,14530.0,17177.0,110.0,5.0,110.0,5.0,0.0,2.0,0.0,0.0
1698068171.824607,70,1855.0,132.0,16266.0,15034.0,14460.0,17159.0,110.0,5.0,110.0,5.0,0.0,2.0,0.0,0.0
1698068172.03614,70,1503.0,169.0,16058.0,15154.0,14302.0,17058.0,110.0,5.0,110.0,5.0,0.0,2.0,0.0,0.0
1698068172.2476969,70,1843.0,307.0,16263.0,15052.0,14345.0,16818.0,110.0,5.0,110.0,5.0,0.0,2.0,0.0,0.0
1698068172.426351,70,1899.0,183.0,16037.0,15293.0,14423.0,17221.0,110.0,5.0,110.0,5.0,0.0,2.0,0.0,0.0
1698068172.637485,70,1899.0,252.0,16234.0,15033.0,14344.0,16795.0,110.0,5.0,110.0,5.0,0.0,2.0,0.0,0.0
1698068172.845921,70,1662.0,243.0,15960.0,15204.0,14288.0,17084.0,120.0,15.0,120.0,15.0,0.0,2.0,0.0,0.0
1698068173.026132,70,1954.0,181.0,16355.0,15102.0,14521.0,17290.0,120.0,15.0,120.0,15.0,0.0,2.0,0.0,0.0
1698068173.237385,70,1971.0,226.0,16120.0,15216.0,14245.0,16963.0,120.0,15.0,120.0,15.0,0.0,2.0,0.0,0.0
1698068173.445426,70,2060.0,185.0,16253.0,14950.0,14411.0,16921.0,120.0,15.0,120.0,15.0,0.0,2.0,0.0,0.0
1698068173.657558,70,1947.0,340.0,16231.0,15321.0,14264.0,16854.0,120.0,15.0,120.0,15.0,0.0,2.0,0.0,0.0
1698068173.836129,70,2142.0,288.0,16345.0,14882.0,14590.0,17272.0,120.0,15.0,120.0,15.0,0.0,2.0,0.0,0.0
1698068174.0457292,70,2019.0,298.0,15984.0,15514.0,14271.0,17020.0,120.0,5.0,120.0,5.0,0.0,2.0,0.0,0.0
1698068174.255893,70,1995.0,335.0,16267.0,14964.0,14434.0,16906.0,120.0,5.0,120.0,5.0,0.0,2.0,0.0,0.0
1698068174.436722,70,2170.0,299.0,16200.0,15260.0,14449.0,16745.0,120.0,5.0,120.0,5.0,0.0,2.0,0.0,0.0
1698068174.644501,70,2231.0,328.0,16197.0,15025.0,14375.0,16608.0,120.0,5.0,120.0,5.0,0.0,2.0,0.0,0.0
1698068174.857728,70,2034.0,459.0,16163.0,15143.0,14240.0,16914.0,120.0,5.0,120.0,5.0,0.0,2.0,0.0,0.0
1698068175.037593,70,2156.0,533.0,16279.0,15260.0,14211.0,16536.0,120.0,5.0,120.0,5.0,0.0,2.0,0.0,0.0
1698068175.244595,70,2105.0,415.0,15843.0,15231.0,14512.0,17005.0,120.0,5.0,120.0,5.0,0.0,2.0,0.0,0.0
1698068175.4558148,70,2188.0,603.0,16244.0,15249.0,14247.0,16118.0,120.0,5.0,120.0,5.0,0.0,2.0,0.0,0.0
1698068175.63761,70,2271.0,455.0,16069.0,14614.0,14231.0,16656.0,120.0,5.0,120.0,5.0,0.0,2.0,0.0,0.0
1698068175.847208,70,2278.0,466.0,15990.0,15385.0,14291.0,16541.0,120.0,15.0,120.0,15.0,0.0,2.0,0.0,0.0
1698068176.057662,70,2239.0,481.0,16082.0,15052.0,14400.0,17027.0,120.0,15.0,120.0,15.0,0.0,2.0,0.0,0.0
1698068176.236233,70,2436.0,623.0,16262.0,15294.0,14168.0,16147.0,120.0,15.0,120.0,15.0,0.0,2.0,0.0,0.0
1698068176.447225,70,2297.0,425.0,16084.0,14920.0,14537.0,17209.0,120.0,15.0,120.0,15.0,0.0,2.0,0.0,0.0
1698068176.656814,70,2460.0,341.0,16237.0,15296.0,14200.0,16252.0,110.0,5.0,110.0,5.0,0.0,2.0,0.0,0.0
1698068176.837679,70,2105.0,291.0,16063.0,14581.0,14148.0,16672.0,110.0,5.0,110.0,5.0,0.0,2.0,0.0,0.0
1698068177.0454512,70,2192.0,296.0,16091.0,15179.0,14330.0,16690.0,110.0,5.0,110.0,5.0,0.0,2.0,0.0,0.0
1698068177.255945,70,2053.0,363.0,16040.0,15074.0,14229.0,16893.0,110.0,5.0,110.0,5.0,0.0,2.0,0.0,0.0
1698068177.4359841,70,2081.0,313.0,16377.0,15062.0,14319.0,16768.0,110.0,5.0,110.0,5.0,0.0,2.0,0.0,0.0
1698068177.647112,70,1948.0,127.0,16117.0,15209.0,14298.0,17102.0,110.0,5.0,110.0,5.0,0.0,2.0,0.0,0.0
1698068177.887168,70,1940.0,242.0,16222.0,15110.0,14311.0,16898.0,110.0,5.0,110.0,5.0,0.0,2.0,0.0,0.0
1698068178.0657659,70,1480.0,173.0,16061.0,15012.0,14306.0,16733.0,110.0,5.0,110.0,5.0,0.0,2.0,0.0,0.0
1698068178.276751,70,2126.0,248.0,16362.0,15066.0,14476.0,17233.0,110.0,5.0,110.0,5.0,0.0,2.0,0.0,0.0
1698068178.48567,70,1772.0,165.0,16133.0,15238.0,14215.0,17044.0,110.0,5.0,110.0,5.0,0.0,2.0,0.0,0.0
1698068178.665637,70,1872.0,-5.0,16324.0,14994.0,14497.0,17247.0,110.0,5.0,110.0,5.0,0.0,2.0,0.0,0.0
1698068178.8769069,70,2043.0,-695.0,16391.0,14850.0,14519.0,18569.0,120.0,15.0,120.0,15.0,0.0,2.0,0.0,0.0
1698068179.0857348,70,2242.0,167.0,15678.0,15333.0,13973.0,16987.0,120.0,15.0,120.0,15.0,0.0,2.0,0.0,0.0
1698068179.267223,70,1738.0,-1223.0,16374.0,14148.0,13851.0,16413.0,120.0,15.0,120.0,15.0,0.0,2.0,0.0,0.0
1698068179.476066,70,1616.0,-176.0,16432.0,14397.0,14386.0,18001.0,110.0,15.0,110.0,15.0,0.0,2.0,0.0,0.0
1698068179.685564,70,1540.0,-432.0,16228.0,16127.0,14320.0,16742.0,110.0,15.0,110.0,15.0,0.0,2.0,0.0,0.0
1698068179.864984,70,2012.0,-673.0,16290.0,12428.0,12574.0,16724.0,110.0,5.0,110.0,5.0,0.0,2.0,0.0,0.0
1698068180.075865,70,1855.0,-567.0,16218.0,16824.0,13744.0,15516.0,110.0,5.0,110.0,5.0,0.0,2.0,0.0,0.0
1698068180.28508,70,1607.0,-593.0,15345.0,12568.0,12644.0,18206.0,110.0,5.0,110.0,5.0,0.0,2.0,0.0,0.0
1698068180.467603,70,1407.0,-539.0,16404.0,14230.0,12701.0,14781.0,110.0,5.0,110.0,5.0,0.0,2.0,0.0,0.0
1698068180.676055,70,1900.0,145.0,15389.0,12118.0,12692.0,19659.0,110.0,5.0,110.0,5.0,0.0,2.0,0.0,0.0
1698068180.8859282,70,1715.0,-218.0,16161.0,15194.0,13128.0,15527.0,110.0,5.0,110.0,5.0,0.0,2.0,0.0,0.0
1698068181.066536,70,1703.0,-587.0,15970.0,12920.0,12570.0,16208.0,110.0,5.0,110.0,5.0,0.0,2.0,0.0,0.0
1698068181.2758532,70,2658.0,-1403.0,15903.0,14944.0,13947.0,17467.0,110.0,5.0,110.0,5.0,0.0,2.0,0.0,0.0
1698068181.487211,70,2289.0,-2090.0,16553.0,12868.0,13359.0,18027.0,110.0,5.0,110.0,5.0,0.0,2.0,0.0,0.0
1698068181.664979,70,921.0,-2231.0,15469.0,12774.0,12832.0,17238.0,110.0,5.0,110.0,5.0,0.0,2.0,0.0,0.0
1698068181.875907,70,1262.0,-555.0,15702.0,14120.0,13661.0,17127.0,110.0,5.0,110.0,5.0,0.0,2.0,0.0,0.0
1698068182.087218,70,1139.0,-1855.0,15677.0,13832.0,14540.0,20024.0,110.0,5.0,110.0,5.0,0.0,2.0,0.0,0.0
1698068182.297792,70,2096.0,-689.0,16457.0,14468.0,13936.0,16755.0,110.0,5.0,110.0,5.0,0.0,2.0,0.0,0.0
1698068182.505341,70,2716.0,258.0,15027.0,13669.0,13349.0,17170.0,110.0,5.0,110.0,5.0,0.0,2.0,0.0,0.0
1698068182.717729,70,2357.0,911.0,15944.0,16747.0,13566.0,14936.0,110.0,5.0,110.0,5.0,0.0,2.0,0.0,0.0
1698068182.896002,70,1674.0,1171.0,16095.0,15457.0,14558.0,16813.0,110.0,5.0,110.0,5.0,0.0,2.0,0.0,0.0
1698068183.10535,70,2280.0,4149.0,15390.0,14767.0,12129.0,12072.0,110.0,5.0,110.0,5.0,0.0,2.0,0.0,0.0
1698068183.315889,70,2168.0,1442.0,15747.0,14196.0,13663.0,16123.0,110.0,5.0,110.0,5.0,0.0,2.0,0.0,0.0
1698068183.496145,70,3649.0,508.0,15287.0,14895.0,13717.0,16034.0,110.0,5.0,110.0,5.0,0.0,2.0,0.0,0.0
1698068183.707243,70,3581.0,1420.0,16010.0,14049.0,14262.0,14730.0,110.0,5.0,110.0,5.0,0.0,2.0,0.0,0.0
1698068183.9158192,70,3001.0,393.0,15853.0,13869.0,13545.0,16920.0,110.0,5.0,110.0,5.0,0.0,2.0,0.0,0.0
1698068184.0953832,70,3175.0,203.0,15636.0,15417.0,13195.0,14419.0,110.0,5.0,110.0,5.0,0.0,2.0,0.0,0.0
1698068184.3053632,70,1691.0,390.0,15584.0,13982.0,13800.0,18439.0,110.0,5.0,110.0,5.0,0.0,2.0,0.0,0.0
1698068184.517658,70,3494.0,1215.0,16498.0,13897.0,12741.0,13299.0,110.0,5.0,110.0,5.0,0.0,2.0,0.0,0.0
1698068184.697588,70,1675.0,-131.0,16414.0,13675.0,13063.0,17731.0,110.0,5.0,110.0,5.0,0.0,2.0,0.0,0.0
1698068184.905493,70,2207.0,-245.0,15888.0,13019.0,13285.0,15945.0,110.0,5.0,110.0,5.0,0.0,2.0,0.0,0.0
1698068185.1160378,70,2060.0,-735.0,16118.0,13276.0,13652.0,16012.0,110.0,5.0,110.0,5.0,0.0,2.0,0.0,0.0
1698068185.29544,70,2088.0,-1030.0,16246.0,13369.0,14536.0,18964.0,110.0,5.0,110.0,5.0,0.0,2.0,0.0,0.0
1698068185.505471,70,747.0,-1174.0,15517.0,14956.0,13543.0,17941.0,110.0,5.0,110.0,5.0,0.0,2.0,0.0,0.0
1698068185.7171059,70,855.0,-425.0,16420.0,12923.0,12676.0,17088.0,110.0,5.0,110.0,5.0,0.0,2.0,0.0,0.0
1698068185.895729,70,1435.0,-1559.0,15984.0,15429.0,15357.0,17989.0,110.0,5.0,110.0,5.0,0.0,2.0,0.0,0.0
1698068186.1058578,70,747.0,-931.0,16824.0,12781.0,13747.0,18144.0,110.0,5.0,110.0,5.0,0.0,2.0,0.0,0.0
1698068186.3160849,70,823.0,-969.0,16277.0,15140.0,13851.0,17185.0,110.0,5.0,110.0,5.0,0.0,2.0,0.0,0.0
1698068186.5272121,70,1600.0,-1700.0,16144.0,13792.0,13523.0,18376.0,110.0,5.0,110.0,5.0,0.0,2.0,0.0,0.0
1698068186.735839,70,1587.0,-927.0,16488.0,14618.0,14144.0,18405.0,110.0,5.0,110.0,5.0,0.0,2.0,0.0,0.0
1698068186.9158602,70,1499.0,-1543.0,15956.0,13075.0,13408.0,17151.0,110.0,5.0,110.0,5.0,0.0,2.0,0.0,0.0
1698068187.1271958,70,1472.0,-1172.0,16362.0,14156.0,14372.0,18953.0,110.0,5.0,110.0,5.0,0.0,2.0,0.0,0.0
1698068187.337949,70,1747.0,-1259.0,16351.0,14759.0,14389.0,18279.0,110.0,5.0,110.0,5.0,0.0,2.0,0.0,0.0
1698068187.514616,70,1659.0,-1278.0,16323.0,13185.0,13338.0,17336.0,110.0,5.0,110.0,5.0,0.0,2.0,0.0,0.0
1698068187.7272592,70,1592.0,-1011.0,16098.0,14901.0,14830.0,18099.0,110.0,5.0,110.0,5.0,0.0,2.0,0.0,0.0
1698068187.9372,70,1700.0,-1576.0,15974.0,13024.0,13457.0,18506.0,110.0,5.0,110.0,5.0,0.0,2.0,0.0,0.0
1698068188.117208,70,1326.0,-1130.0,15995.0,15141.0,14295.0,17596.0,110.0,5.0,110.0,5.0,0.0,2.0,0.0,0.0
1698068188.326748,70,1443.0,-1150.0,16476.0,13439.0,13824.0,18831.0,110.0,5.0,110.0,5.0,0.0,2.0,0.0,0.0
1698068188.535598,70,1155.0,-1407.0,16056.0,15137.0,14511.0,17644.0,110.0,5.0,110.0,5.0,0.0,2.0,0.0,0.0
1698068188.717593,70,1183.0,-1023.0,16268.0,13247.0,13564.0,17589.0,110.0,5.0,110.0,5.0,0.0,2.0,0.0,0.0
1698068188.927396,70,1378.0,-1370.0,16427.0,14578.0,14081.0,18428.0,110.0,5.0,110.0,5.0,0.0,2.0,0.0,0.0
1698068189.135845,70,1127.0,-1242.0,16422.0,14738.0,14003.0,18487.0,110.0,5.0,110.0,5.0,0.0,2.0,0.0,0.0
1698068189.317636,70,1443.0,-1480.0,16185.0,13498.0,13853.0,17488.0,110.0,5.0,110.0,5.0,0.0,2.0,0.0,0.0
1698068189.525687,70,1559.0,-1431.0,16250.0,14802.0,14541.0,17937.0,110.0,5.0,110.0,5.0,0.0,2.0,0.0,0.0
1698068189.7357259,70,1123.0,-1483.0,16217.0,13340.0,13795.0,18966.0,110.0,5.0,110.0,5.0,0.0,2.0,0.0,0.0
1698068189.9177241,70,1279.0,-1700.0,16382.0,14324.0,13937.0,17523.0,110.0,5.0,110.0,5.0,0.0,2.0,0.0,0.0
1698068190.1261659,70,1398.0,-1683.0,16357.0,13294.0,13756.0,18827.0,110.0,5.0,110.0,5.0,0.0,2.0,0.0,0.0
1698068190.335476,70,1119.0,-1550.0,16299.0,14739.0,14467.0,18043.0,110.0,5.0,110.0,5.0,0.0,2.0,0.0,0.0
1698068190.514677,70,1239.0,-1564.0,16141.0,13559.0,13797.0,18392.0,110.0,5.0,110.0,5.0,0.0,2.0,0.0,0.0
1698068190.726027,70,1302.0,-2023.0,16105.0,14305.0,14190.0,17903.0,110.0,5.0,110.0,5.0,0.0,2.0,0.0,0.0
1698068190.9676208,70,1224.0,-1531.0,16408.0,13959.0,14227.0,18356.0,110.0,5.0,110.0,5.0,0.0,2.0,0.0,0.0
1698068191.148133,70,1398.0,-1672.0,15932.0,13584.0,14094.0,18418.0,110.0,5.0,110.0,5.0,0.0,2.0,0.0,0.0
1698068191.355788,70,1107.0,-1996.0,16185.0,14501.0,14297.0,18441.0,110.0,5.0,110.0,5.0,0.0,2.0,0.0,0.0
1698068191.567615,70,1908.0,-1750.0,15251.0,13182.0,13509.0,17556.0,110.0,5.0,110.0,5.0,0.0,2.0,0.0,0.0
1698068191.7450619,70,2095.0,-1371.0,16266.0,14569.0,14468.0,17650.0,110.0,5.0,110.0,5.0,0.0,2.0,0.0,0.0
1698068191.955512,70,2172.0,-1398.0,16003.0,13480.0,13776.0,17456.0,110.0,5.0,110.0,5.0,0.0,2.0,0.0,0.0
1698068192.165848,70,2199.0,-1616.0,16045.0,13777.0,13927.0,17209.0,110.0,5.0,110.0,5.0,0.0,2.0,0.0,0.0
1698068192.347569,70,2479.0,-1376.0,16422.0,14248.0,14394.0,17865.0,110.0,5.0,110.0,5.0,0.0,2.0,0.0,0.0
1698068192.557104,70,2352.0,-1482.0,15830.0,13287.0,13527.0,17371.0,110.0,5.0,110.0,5.0,0.0,2.0,0.0,0.0
1698068192.766529,70,2207.0,-1374.0,16161.0,14418.0,14461.0,17514.0,110.0,5.0,110.0,5.0,0.0,2.0,0.0,0.0
1698068192.9446201,70,2431.0,-1346.0,16283.0,13586.0,13962.0,18325.0,110.0,5.0,110.0,5.0,0.0,2.0,0.0,0.0
1698068193.155935,70,2503.0,-1286.0,16485.0,14422.0,14599.0,17524.0,110.0,5.0,110.0,5.0,0.0,2.0,0.0,0.0
1698068193.367336,70,2304.0,-1358.0,16089.0,13867.0,13804.0,17112.0,110.0,5.0,110.0,5.0,0.0,2.0,0.0,0.0
1698068193.547258,70,1810.0,-1387.0,16060.0,13831.0,14222.0,17460.0,110.0,5.0,110.0,5.0,0.0,2.0,0.0,0.0
1698068193.7575998,70,1652.0,-1703.0,16233.0,14124.0,14402.0,17695.0,110.0,5.0,110.0,5.0,0.0,2.0,0.0,0.0
1698068193.9677892,70,2047.0,-1367.0,16001.0,14180.0,14174.0,18287.0,110.0,5.0,110.0,5.0,0.0,2.0,0.0,0.0
1698068194.14608,70,1710.0,-1496.0,16240.0,13858.0,13956.0,17867.0,110.0,5.0,110.0,5.0,0.0,2.0,0.0,0.0
1698068194.357171,70,1443.0,-1399.0,16274.0,14227.0,14265.0,17789.0,110.0,5.0,110.0,5.0,0.0,2.0,0.0,0.0
1698068194.565861,70,1231.0,-1402.0,16146.0,14020.0,14550.0,18222.0,110.0,5.0,110.0,5.0,0.0,2.0,0.0,0.0
1698068194.746687,70,1394.0,-1975.0,15050.0,13550.0,13999.0,17780.0,110.0,5.0,110.0,5.0,0.0,2.0,0.0,0.0
1698068194.955676,70,1051.0,-1767.0,15713.0,15051.0,14847.0,18091.0,110.0,5.0,110.0,5.0,0.0,2.0,0.0,0.0
1698068195.164999,70,407.0,-727.0,15678.0,14900.0,14254.0,17647.0,110.0,5.0,110.0,5.0,0.0,2.0,0.0,0.0
1698068195.374332,70,897.0,-957.0,16760.0,15009.0,14725.0,17926.0,110.0,5.0,110.0,5.0,0.0,2.0,0.0,0.0
1698068195.585715,70,2102.0,160.0,16657.0,11840.0,12479.0,15947.0,110.0,5.0,110.0,5.0,0.0,2.0,0.0,0.0
1698068195.7656589,70,1604.0,-1330.0,15944.0,15387.0,13626.0,15373.0,110.0,5.0,110.0,5.0,0.0,2.0,0.0,0.0
1698068195.975317,70,1919.0,-1523.0,16308.0,11618.0,12529.0,17637.0,110.0,5.0,110.0,5.0,0.0,2.0,0.0,0.0
1698068196.1850882,70,653.0,-3168.0,16215.0,14570.0,14215.0,18209.0,110.0,5.0,110.0,5.0,0.0,2.0,0.0,0.0
1698068196.3658152,70,2304.0,-1132.0,15124.0,12669.0,13497.0,16247.0,110.0,5.0,110.0,5.0,0.0,2.0,0.0,0.0
1698068196.575748,70,1395.0,-1523.0,15583.0,13735.0,15295.0,17515.0,110.0,5.0,110.0,5.0,0.0,2.0,0.0,0.0
1698068196.784807,70,1075.0,27.0,16017.0,14893.0,14898.0,18770.0,110.0,5.0,110.0,5.0,0.0,2.0,0.0,0.0
1698068196.965347,70,1031.0,-787.0,14993.0,15864.0,14056.0,16130.0,110.0,5.0,110.0,5.0,0.0,2.0,0.0,0.0
1698068197.1760201,70,1419.0,-745.0,15810.0,12737.0,13554.0,18282.0,110.0,5.0,110.0,5.0,0.0,2.0,0.0,0.0
1698068197.38557,70,1251.0,-851.0,16060.0,16246.0,13828.0,15203.0,110.0,5.0,110.0,5.0,0.0,2.0,0.0,0.0
1698068197.564548,70,1960.0,-194.0,15875.0,11647.0,12376.0,16155.0,110.0,5.0,110.0,5.0,0.0,2.0,0.0,0.0
1698068197.774692,70,645.0,-1768.0,14732.0,14550.0,15041.0,17735.0,110.0,5.0,110.0,5.0,0.0,2.0,0.0,0.0
1698068197.9858809,70,403.0,-3026.0,17754.0,10429.0,11722.0,18103.0,110.0,5.0,110.0,5.0,0.0,2.0,0.0,0.0
1698068198.1660662,70,593.0,-2836.0,14999.0,13376.0,14073.0,17903.0,110.0,5.0,110.0,5.0,0.0,2.0,0.0,0.0
1698068198.374649,70,1683.0,-2823.0,15539.0,11865.0,13051.0,15459.0,110.0,5.0,110.0,5.0,0.0,2.0,0.0,0.0
1698068198.585912,70,2092.0,-1828.0,17916.0,14068.0,14891.0,18707.0,110.0,5.0,110.0,5.0,0.0,2.0,0.0,0.0
1698068198.76584,70,1003.0,-2007.0,15929.0,14489.0,13788.0,17835.0,110.0,5.0,110.0,5.0,0.0,2.0,0.0,0.0
1698068198.974607,70,831.0,-753.0,16827.0,12851.0,12679.0,16977.0,110.0,5.0,110.0,5.0,0.0,2.0,0.0,0.0
1698068199.186002,70,815.0,-805.0,15042.0,14716.0,14480.0,15729.0,110.0,5.0,110.0,5.0,0.0,2.0,0.0,0.0
1698068199.365015,70,2364.0,-839.0,15476.0,11356.0,13251.0,16634.0,110.0,5.0,110.0,5.0,0.0,2.0,0.0,0.0
1698068199.6067991,70,2636.0,-289.0,16943.0,14224.0,13722.0,15471.0,110.0,5.0,110.0,5.0,0.0,2.0,0.0,0.0
1698068199.815783,70,486.0,-2820.0,15273.0,11935.0,12438.0,17354.0,110.0,5.0,110.0,5.0,0.0,2.0,0.0,0.0
1698068199.995528,70,2061.0,-2647.0,15824.0,12618.0,13905.0,16905.0,110.0,5.0,110.0,5.0,0.0,2.0,0.0,0.0
1698068200.205011,70,3021.0,-2148.0,15605.0,11755.0,13893.0,19323.0,110.0,5.0,110.0,5.0,0.0,2.0,0.0,0.0
1698068200.415678,70,1526.0,-2336.0,19474.0,12335.0,13890.0,18060.0,110.0,5.0,110.0,5.0,0.0,2.0,0.0,0.0
1698068200.595948,70,1054.0,-1250.0,15312.0,13687.0,14590.0,16781.0,110.0,5.0,110.0,5.0,0.0,2.0,0.0,0.0
1698068200.805438,70,1466.0,-1500.0,16555.0,14921.0,14709.0,17717.0,110.0,5.0,110.0,5.0,0.0,2.0,0.0,0.0
1698068201.015678,70,2228.0,-417.0,15624.0,15168.0,13859.0,16116.0,110.0,5.0,110.0,5.0,0.0,2.0,0.0,0.0
1698068201.202069,70,2455.0,-483.0,15024.0,12601.0,12256.0,14078.0,110.0,5.0,110.0,5.0,0.0,2.0,0.0,0.0
1698068201.404605,70,2054.0,-579.0,17216.0,13137.0,14704.0,18651.0,110.0,5.0,110.0,5.0,0.0,2.0,0.0,0.0
1698068201.614613,70,-713.0,-2885.0,14039.0,15594.0,15120.0,18002.0,110.0,5.0,110.0,5.0,0.0,2.0,0.0,0.0
1698068201.795795,70,1526.0,-2105.0,14610.0,10637.0,12676.0,15402.0,110.0,5.0,110.0,5.0,0.0,2.0,0.0,0.0
1698068202.005965,70,2280.0,-965.0,16227.0,15939.0,14382.0,16850.0,110.0,5.0,110.0,5.0,0.0,2.0,0.0,0.0
1698068202.215639,70,2215.0,-1595.0,15722.0,13168.0,13033.0,16643.0,110.0,5.0,110.0,5.0,0.0,2.0,0.0,0.0
1698068202.3946009,70,1370.0,-2206.0,15614.0,11864.0,13022.0,15179.0,110.0,5.0,110.0,5.0,0.0,2.0,0.0,0.0
1698068202.6063871,70,47.0,-2.0,14362.0,14206.0,17252.0,21580.0,110.0,5.0,110.0,5.0,0.0,2.0,0.0,0.0
1698068202.81569,70,1730.0,-1562.0,16070.0,16481.0,16552.0,18421.0,110.0,5.0,110.0,5.0,0.0,2.0,0.0,0.0
1698068202.9956388,70,1650.0,-1127.0,15868.0,14110.0,13272.0,16683.0,110.0,5.0,110.0,5.0,0.0,2.0,0.0,0.0
1698068203.20591,70,1763.0,-1050.0,17013.0,15013.0,13760.0,17488.0,110.0,5.0,110.0,5.0,0.0,2.0,0.0,0.0
1698068203.414579,70,-1154.0,-2040.0,15518.0,11330.0,14248.0,20605.0,110.0,5.0,110.0,5.0,0.0,2.0,0.0,0.0
1698068203.594615,70,-1795.0,-2412.0,16464.0,13001.0,13771.0,17420.0,110.0,5.0,110.0,5.0,0.0,2.0,0.0,0.0
1698068203.805279,70,-2239.0,-5355.0,15067.0,10329.0,11074.0,15896.0,110.0,5.0,110.0,5.0,0.0,2.0,0.0,0.0
1698068204.0146508,70,-1770.0,-5833.0,15081.0,10970.0,12316.0,17668.0,110.0,5.0,110.0,5.0,0.0,2.0,0.0,0.0
1698068204.224605,70,-995.0,-5301.0,15532.0,10025.0,12663.0,18919.0,110.0,5.0,110.0,5.0,0.0,2.0,0.0,0.0
1698068204.404615,70,-488.0,-4688.0,15660.0,12386.0,13694.0,17908.0,110.0,5.0,110.0,5.0,0.0,2.0,0.0,0.0
1698068204.616005,70,-392.0,-4475.0,15645.0,11176.0,12518.0,17491.0,110.0,5.0,110.0,5.0,0.0,2.0,0.0,0.0
1698068204.8247452,70,-589.0,-4742.0,15472.0,11567.0,13153.0,17334.0,110.0,5.0,110.0,5.0,0.0,2.0,0.0,0.0
1698068205.0046558,70,-1296.0,-4872.0,14873.0,11373.0,13276.0,18373.0,110.0,5.0,110.0,5.0,0.0,2.0,0.0,0.0
1698068205.215987,70,-1342.0,-4192.0,15558.0,11814.0,12886.0,17531.0,110.0,5.0,110.0,5.0,0.0,2.0,0.0,0.0
1698068205.425493,70,-1555.0,-5052.0,15990.0,12626.0,13769.0,18074.0,110.0,5.0,110.0,5.0,0.0,2.0,0.0,0.0
1698068205.604589,70,-1644.0,-4175.0,15867.0,11092.0,12822.0,17743.0,110.0,5.0,110.0,5.0,0.0,2.0,0.0,0.0
1698068205.817811,70,-1091.0,-2905.0,15878.0,13924.0,14468.0,18053.0,110.0,5.0,110.0,5.0,0.0,2.0,0.0,0.0
1698068206.027307,70,-1364.0,-2063.0,15071.0,12605.0,13092.0,18016.0,110.0,5.0,110.0,5.0,0.0,2.0,0.0,0.0
1698068206.207257,70,773.0,787.0,16587.0,15442.0,13465.0,14487.0,110.0,5.0,110.0,5.0,0.0,2.0,0.0,0.0
1698068206.415959,70,607.0,793.0,16402.0,14325.0,14089.0,17892.0,110.0,5.0,110.0,5.0,0.0,2.0,0.0,0.0
1698068206.655983,70,653.0,723.0,16640.0,17040.0,14248.0,15580.0,110.0,5.0,110.0,5.0,0.0,2.0,0.0,0.0
1698068206.8052812,70,1694.0,587.0,16046.0,13883.0,14306.0,17082.0,110.0,5.0,110.0,5.0,0.0,2.0,0.0,0.0
1698068207.0156841,70,1807.0,-1274.0,16223.0,15530.0,14426.0,16631.0,110.0,5.0,110.0,5.0,0.0,2.0,0.0,0.0
1698068207.22511,70,1009.0,-499.0,17117.0,14973.0,14710.0,17830.0,110.0,5.0,110.0,5.0,0.0,2.0,0.0,0.0
1698068207.40591,70,212.0,-1001.0,17125.0,14646.0,14934.0,18050.0,110.0,5.0,110.0,5.0,0.0,2.0,0.0,0.0
1698068207.615594,70,919.0,-1600.0,16104.0,13286.0,14467.0,19375.0,110.0,5.0,110.0,5.0,0.0,2.0,0.0,0.0
1698068207.825776,70,488.0,-2649.0,15646.0,13021.0,13612.0,17897.0,110.0,5.0,110.0,5.0,0.0,2.0,0.0,0.0
1698068208.004647,70,99.0,-1863.0,16430.0,12841.0,14602.0,17387.0,110.0,5.0,110.0,5.0,0.0,2.0,0.0,0.0
1698068208.244621,70,1322.0,681.0,16137.0,15476.0,15335.0,16832.0,110.0,5.0,110.0,5.0,0.0,2.0,0.0,0.0
1698068208.425689,70,885.0,464.0,17018.0,15985.0,13483.0,14829.0,110.0,5.0,110.0,5.0,0.0,2.0,0.0,0.0
1698068208.6359072,70,451.0,771.0,16703.0,13637.0,14524.0,16538.0,110.0,5.0,110.0,5.0,0.0,2.0,0.0,0.0
1698068208.845872,70,1455.0,1088.0,15692.0,16611.0,14718.0,15225.0,110.0,5.0,110.0,5.0,0.0,2.0,0.0,0.0
1698068209.0247211,70,159.0,-697.0,16460.0,13721.0,13619.0,18599.0,110.0,5.0,110.0,5.0,0.0,2.0,0.0,0.0
1698068209.234984,70,1415.0,-2857.0,17003.0,11927.0,13247.0,16059.0,110.0,5.0,110.0,5.0,0.0,2.0,0.0,0.0
1698068209.4446778,70,887.0,-3961.0,15711.0,12043.0,14412.0,17805.0,110.0,5.0,110.0,5.0,0.0,2.0,0.0,0.0
1698068209.6246228,70,2194.0,-2959.0,15916.0,12031.0,15516.0,18945.0,110.0,5.0,110.0,5.0,0.0,2.0,0.0,0.0
1698068209.835083,70,749.0,-3856.0,15995.0,13080.0,13887.0,18175.0,110.0,5.0,110.0,5.0,0.0,2.0,0.0,0.0
1698068210.045284,70,1208.0,-2849.0,16291.0,11805.0,13506.0,17494.0,110.0,5.0,110.0,5.0,0.0,2.0,0.0,0.0
1698068210.224595,70,1903.0,-233.0,16701.0,13778.0,15349.0,16309.0,110.0,5.0,110.0,5.0,0.0,2.0,0.0,0.0
1698068210.435921,70,1652.0,148.0,15877.0,13119.0,14724.0,18106.0,110.0,5.0,110.0,5.0,0.0,2.0,0.0,0.0
1698068210.64537,70,1415.0,267.0,15424.0,15441.0,13344.0,14826.0,110.0,5.0,110.0,5.0,0.0,2.0,0.0,0.0
1698068210.8568401,70,1567.0,-306.0,16193.0,13986.0,14086.0,18341.0,110.0,5.0,110.0,5.0,0.0,2.0,0.0,0.0
1698068211.035572,70,2022.0,-667.0,16478.0,16144.0,14162.0,16963.0,110.0,5.0,110.0,5.0,0.0,2.0,0.0,0.0
1698068211.2452888,70,1503.0,54.0,18121.0,12566.0,13432.0,16404.0,110.0,5.0,110.0,5.0,0.0,2.0,0.0,0.0
1698068211.424265,70,-36.0,-2582.0,14281.0,13716.0,14980.0,19163.0,110.0,5.0,110.0,5.0,0.0,2.0,0.0,0.0
1698068211.635647,70,1903.0,-2064.0,14879.0,13816.0,14656.0,17566.0,110.0,5.0,110.0,5.0,0.0,2.0,0.0,0.0
1698068211.847302,70,2812.0,-1514.0,16787.0,13447.0,14112.0,17905.0,110.0,5.0,110.0,5.0,0.0,2.0,0.0,0.0
1698068212.024754,70,2575.0,-2247.0,17091.0,13086.0,13994.0,16922.0,110.0,5.0,110.0,5.0,0.0,2.0,0.0,0.0
1698068212.234651,70,847.0,-6.0,15340.0,13816.0,15422.0,19009.0,110.0,5.0,110.0,5.0,0.0,2.0,0.0,0.0
1698068212.445016,70,2557.0,-1248.0,16082.0,15026.0,15255.0,17497.0,110.0,5.0,110.0,5.0,0.0,2.0,0.0,0.0
1698068212.654941,70,2956.0,-793.0,15332.0,14102.0,13526.0,17583.0,110.0,5.0,110.0,5.0,0.0,2.0,0.0,0.0
1698068212.8646579,70,3658.0,-1891.0,15120.0,12060.0,12144.0,14311.0,110.0,5.0,110.0,5.0,0.0,2.0,0.0,0.0
1698068213.045127,70,2607.0,-1558.0,17960.0,13792.0,14960.0,18032.0,110.0,5.0,110.0,5.0,0.0,2.0,0.0,0.0
1698068213.2547421,70,1590.0,-1420.0,15657.0,13581.0,14736.0,17565.0,110.0,5.0,110.0,5.0,0.0,2.0,0.0,0.0
1698068213.465034,70,857.0,-2631.0,14887.0,12033.0,13025.0,17387.0,110.0,5.0,110.0,5.0,0.0,2.0,0.0,0.0
1698068213.646181,70,731.0,-2036.0,15583.0,12984.0,14321.0,18163.0,110.0,5.0,110.0,5.0,0.0,2.0,0.0,0.0
1698068213.854724,70,1463.0,-2542.0,16194.0,10974.0,12895.0,16947.0,110.0,5.0,110.0,5.0,0.0,2.0,0.0,0.0
1698068214.064645,70,1610.0,-3647.0,15668.0,12777.0,14410.0,17584.0,110.0,5.0,110.0,5.0,0.0,2.0,0.0,0.0
1698068214.244998,70,1039.0,-2769.0,16767.0,12133.0,13658.0,18043.0,110.0,5.0,110.0,5.0,0.0,2.0,0.0,0.0
1698068214.454616,70,2020.0,-709.0,16120.0,13052.0,14559.0,15902.0,110.0,5.0,110.0,5.0,0.0,2.0,0.0,0.0
1698068214.664938,70,2223.0,515.0,15657.0,15040.0,14496.0,16168.0,110.0,5.0,110.0,5.0,0.0,2.0,0.0,0.0
1698068214.845084,70,2011.0,483.0,16406.0,15548.0,14284.0,16435.0,110.0,5.0,110.0,5.0,0.0,2.0,0.0,0.0
1698068215.055079,70,2164.0,1171.0,15795.0,14558.0,13269.0,14819.0,110.0,5.0,110.0,5.0,0.0,2.0,0.0,0.0
1698068215.264601,70,2175.0,543.0,15635.0,16681.0,14558.0,15435.0,110.0,5.0,110.0,5.0,0.0,2.0,0.0,0.0
1698068215.445984,70,2231.0,-81.0,16040.0,14901.0,14844.0,16873.0,110.0,5.0,110.0,5.0,0.0,2.0,0.0,0.0
1698068215.654924,70,2822.0,274.0,16196.0,13601.0,12475.0,13745.0,110.0,5.0,110.0,5.0,0.0,2.0,0.0,0.0
1698068215.864747,70,1514.0,-877.0,15171.0,12778.0,13213.0,18266.0,110.0,5.0,110.0,5.0,0.0,2.0,0.0,0.0
1698068216.045053,70,1346.0,-1230.0,16658.0,14725.0,14557.0,17609.0,110.0,5.0,110.0,5.0,0.0,2.0,0.0,0.0
1698068216.254743,70,1490.0,-1384.0,15066.0,11991.0,12883.0,15094.0,110.0,5.0,110.0,5.0,0.0,2.0,0.0,0.0
1698068216.465479,70,2309.0,-773.0,16276.0,14085.0,15772.0,18162.0,110.0,5.0,110.0,5.0,0.0,2.0,0.0,0.0
1698068216.645983,70,2054.0,-496.0,16532.0,15200.0,14266.0,17147.0,110.0,5.0,110.0,5.0,0.0,2.0,0.0,0.0
1698068216.8856158,70,1887.0,-767.0,16336.0,13234.0,12979.0,15832.0,110.0,5.0,110.0,5.0,0.0,2.0,0.0,0.0
1698068217.0955482,70,1551.0,-1343.0,16234.0,14511.0,14447.0,17122.0,110.0,5.0,110.0,5.0,0.0,2.0,0.0,0.0
1698068217.276243,70,1223.0,-689.0,16365.0,12861.0,14307.0,19415.0,110.0,5.0,110.0,5.0,0.0,2.0,0.0,0.0
1698068217.485444,70,1303.0,-771.0,16107.0,13706.0,13503.0,14874.0,110.0,5.0,110.0,5.0,0.0,2.0,0.0,0.0
1698068217.694669,70,1591.0,-759.0,16252.0,13518.0,13918.0,18145.0,110.0,5.0,110.0,5.0,0.0,2.0,0.0,0.0
1698068217.875071,70,1254.0,-755.0,16253.0,15414.0,14396.0,17191.0,110.0,5.0,110.0,5.0,0.0,2.0,0.0,0.0
1698068218.084656,70,1187.0,-845.0,16115.0,12996.0,13860.0,16720.0,110.0,5.0,110.0,5.0,0.0,2.0,0.0,0.0
1698068218.294625,70,1046.0,-761.0,16275.0,14468.0,15211.0,17895.0,110.0,5.0,110.0,5.0,0.0,2.0,0.0,0.0
1698068218.4761891,70,1103.0,-823.0,16386.0,14787.0,14722.0,17825.0,110.0,5.0,110.0,5.0,0.0,2.0,0.0,0.0
1698068218.684639,70,1171.0,-889.0,16053.0,13844.0,14355.0,16991.0,110.0,5.0,110.0,5.0,0.0,2.0,0.0,0.0
1698068218.894768,70,1152.0,-759.0,16289.0,14841.0,14925.0,17415.0,110.0,5.0,110.0,5.0,0.0,2.0,0.0,0.0
1698068219.0750961,70,1408.0,-663.0,16242.0,13785.0,14491.0,18796.0,110.0,5.0,110.0,5.0,0.0,2.0,0.0,0.0
1698068219.2846642,70,1059.0,-759.0,16098.0,14580.0,14776.0,16686.0,110.0,5.0,110.0,5.0,0.0,2.0,0.0,0.0
1698068219.494978,70,1135.0,-923.0,16384.0,13845.0,14055.0,18077.0,110.0,5.0,110.0,5.0,0.0,2.0,0.0,0.0
1698068219.675955,70,1151.0,-867.0,16235.0,14796.0,14687.0,17425.0,110.0,5.0,110.0,5.0,0.0,2.0,0.0,0.0
1698068219.884698,70,1043.0,-885.0,16273.0,13627.0,14479.0,17030.0,110.0,5.0,110.0,5.0,0.0,2.0,0.0,0.0
1698068220.095453,70,1255.0,-847.0,16289.0,14758.0,15142.0,17812.0,110.0,5.0,110.0,5.0,0.0,2.0,0.0,0.0
1698068220.2759829,70,1106.0,-889.0,16267.0,14500.0,14405.0,18149.0,110.0,5.0,110.0,5.0,0.0,2.0,0.0,0.0
1698068220.484685,70,1156.0,-887.0,16250.0,14074.0,14630.0,17160.0,110.0,5.0,110.0,5.0,0.0,2.0,0.0,0.0
1698068220.6953878,70,1200.0,-929.0,16278.0,14591.0,14859.0,17952.0,110.0,5.0,110.0,5.0,0.0,2.0,0.0,0.0
1698068220.877383,70,1514.0,-913.0,16278.0,14021.0,14577.0,18284.0,110.0,5.0,110.0,5.0,0.0,2.0,0.0,0.0
1698068221.084631,70,1343.0,-943.0,16087.0,14341.0,15058.0,17278.0,110.0,5.0,110.0,5.0,0.0,2.0,0.0,0.0
1698068221.2946439,70,1447.0,-887.0,16224.0,13820.0,14358.0,17966.0,110.0,5.0,110.0,5.0,0.0,2.0,0.0,0.0
1698068221.505089,70,1443.0,-1027.0,16270.0,14568.0,14923.0,17816.0,110.0,5.0,110.0,5.0,0.0,2.0,0.0,0.0
1698068221.684649,70,913.0,-697.0,16163.0,13882.0,14489.0,17919.0,110.0,5.0,110.0,5.0,0.0,2.0,0.0,0.0
1698068221.894648,70,509.0,-691.0,15903.0,15139.0,14836.0,16850.0,110.0,5.0,110.0,5.0,0.0,2.0,0.0,0.0
1698068222.1046438,70,763.0,-1287.0,16464.0,13437.0,14073.0,18510.0,110.0,5.0,110.0,5.0,0.0,2.0,0.0,0.0
1698068222.285411,70,1132.0,-2011.0,15490.0,13665.0,14893.0,17142.0,110.0,5.0,110.0,5.0,0.0,2.0,0.0,0.0
1698068222.4958038,70,887.0,-2248.0,16403.0,12513.0,14572.0,18293.0,110.0,5.0,110.0,5.0,0.0,2.0,0.0,0.0
1698068222.705566,70,817.0,-3286.0,15506.0,13343.0,14475.0,18547.0,110.0,5.0,110.0,5.0,0.0,2.0,0.0,0.0
1698068222.884678,70,2319.0,-937.0,16487.0,12714.0,13616.0,15400.0,110.0,5.0,110.0,5.0,0.0,2.0,0.0,0.0
1698068223.0955958,70,2741.0,-2197.0,15481.0,12779.0,14265.0,17737.0,110.0,5.0,110.0,5.0,0.0,2.0,0.0,0.0
1698068223.304655,70,3648.0,-2912.0,15856.0,12415.0,13361.0,16578.0,110.0,5.0,110.0,5.0,0.0,2.0,0.0,0.0
1698068223.4847322,70,3533.0,-1919.0,15397.0,12150.0,13008.0,15247.0,110.0,5.0,110.0,5.0,0.0,2.0,0.0,0.0
1698068223.6956348,70,3470.0,-2054.0,16183.0,11806.0,13245.0,16970.0,110.0,5.0,110.0,5.0,0.0,2.0,0.0,0.0
1698068223.9047298,70,3072.0,-1699.0,15348.0,13139.0,13866.0,16299.0,110.0,5.0,110.0,5.0,0.0,2.0,0.0,0.0
1698068224.0847502,70,3414.0,-1619.0,16321.0,12623.0,13067.0,15803.0,110.0,5.0,110.0,5.0,0.0,2.0,0.0,0.0
1698068224.294672,70,2003.0,-1444.0,15572.0,13199.0,14361.0,18132.0,110.0,5.0,110.0,5.0,0.0,2.0,0.0,0.0
1698068224.5046902,70,2391.0,-991.0,17846.0,13359.0,14707.0,16642.0,110.0,5.0,110.0,5.0,0.0,2.0,0.0,0.0
1698068224.6847038,70,1183.0,-2168.0,15815.0,12669.0,13792.0,17832.0,110.0,5.0,110.0,5.0,0.0,2.0,0.0,0.0
1698068224.894733,70,2095.0,-1059.0,16884.0,13827.0,15115.0,17418.0,110.0,5.0,110.0,5.0,0.0,2.0,0.0,0.0
1698068225.104749,70,961.0,-959.0,15882.0,14646.0,15884.0,17565.0,110.0,5.0,110.0,5.0,0.0,2.0,0.0,0.0
1698068225.284745,70,1746.0,-1854.0,16802.0,13627.0,14397.0,16728.0,110.0,5.0,110.0,5.0,0.0,2.0,0.0,0.0
1698068225.524688,70,1582.0,-779.0,15904.0,14689.0,14975.0,17790.0,110.0,5.0,110.0,5.0,0.0,2.0,0.0,0.0
1698068225.7367969,70,1347.0,-1558.0,16268.0,13592.0,14427.0,18071.0,110.0,5.0,110.0,5.0,0.0,2.0,0.0,0.0
1698068225.914686,70,1187.0,-1334.0,16406.0,13486.0,14280.0,18011.0,110.0,5.0,110.0,5.0,0.0,2.0,0.0,0.0
1698068226.124685,70,1646.0,-1818.0,15999.0,13594.0,15121.0,17686.0,110.0,5.0,110.0,5.0,0.0,2.0,0.0,0.0
1698068226.336004,70,349.0,-2488.0,15519.0,13377.0,14636.0,19011.0,110.0,5.0,110.0,5.0,0.0,2.0,0.0,0.0
1698068226.514711,70,1207.0,-3167.0,16272.0,12309.0,14232.0,17665.0,110.0,5.0,110.0,5.0,0.0,2.0,0.0,0.0
1698068226.724941,70,515.0,-3719.0,15757.0,12161.0,13444.0,17918.0,110.0,5.0,110.0,5.0,0.0,2.0,0.0,0.0
1698068226.936027,70,755.0,-3679.0,15592.0,11815.0,13897.0,17239.0,110.0,5.0,110.0,5.0,0.0,2.0,0.0,0.0
1698068227.114749,70,-78.0,-3733.0,16051.0,11948.0,13463.0,18518.0,110.0,5.0,110.0,5.0,0.0,2.0,0.0,0.0
1698068227.324682,70,571.0,-3837.0,15462.0,12133.0,14196.0,17492.0,110.0,5.0,110.0,5.0,0.0,2.0,0.0,0.0
1698068227.535078,70,120.0,-3335.0,16093.0,12885.0,14476.0,18973.0,110.0,5.0,110.0,5.0,0.0,2.0,0.0,0.0
1698068227.714703,70,1156.0,-2170.0,16408.0,12349.0,14278.0,18029.0,110.0,5.0,110.0,5.0,0.0,2.0,0.0,0.0
1698068227.924725,70,1095.0,-1982.0,16197.0,13660.0,15058.0,16696.0,110.0,5.0,110.0,5.0,0.0,2.0,0.0,0.0
1698068228.135114,70,1639.0,-1455.0,15703.0,12368.0,14012.0,19011.0,110.0,5.0,110.0,5.0,0.0,2.0,0.0,0.0
1698068228.3146992,70,777.0,-1410.0,16779.0,15884.0,13930.0,15821.0,110.0,5.0,110.0,5.0,0.0,2.0,0.0,0.0
1698068228.524675,70,959.0,-581.0,17426.0,12315.0,13657.0,17405.0,110.0,5.0,110.0,5.0,0.0,2.0,0.0,0.0
1698068228.735536,70,799.0,-891.0,14682.0,14765.0,14551.0,18078.0,110.0,5.0,110.0,5.0,0.0,2.0,0.0,0.0
1698068228.91476,70,2394.0,-591.0,19079.0,12738.0,13346.0,14866.0,110.0,5.0,110.0,5.0,0.0,2.0,0.0,0.0
1698068229.125145,70,623.0,-510.0,15112.0,13697.0,14572.0,18802.0,110.0,5.0,110.0,5.0,0.0,2.0,0.0,0.0
1698068229.335074,70,2095.0,2.0,17450.0,15666.0,14189.0,15781.0,110.0,5.0,110.0,5.0,0.0,2.0,0.0,0.0
1698068229.5147362,70,679.0,-1230.0,15333.0,12254.0,12918.0,16906.0,110.0,5.0,110.0,5.0,0.0,2.0,0.0,0.0
1698068229.7547932,70,1254.0,-1136.0,17366.0,14181.0,14025.0,15891.0,110.0,5.0,110.0,5.0,0.0,2.0,0.0,0.0
1698068229.93626,70,1235.0,-683.0,15064.0,11509.0,13288.0,19028.0,110.0,5.0,110.0,5.0,0.0,2.0,0.0,0.0
1698068230.14471,70,2474.0,-1335.0,16626.0,14758.0,13948.0,15463.0,110.0,5.0,110.0,5.0,0.0,2.0,0.0,0.0
1698068230.354648,70,1264.0,-1258.0,15798.0,12573.0,13107.0,17610.0,110.0,5.0,110.0,5.0,0.0,2.0,0.0,0.0
1698068230.536459,70,2135.0,-1639.0,16513.0,15477.0,14419.0,16089.0,110.0,5.0,110.0,5.0,0.0,2.0,0.0,0.0
1698068230.77501,70,1248.0,-1490.0,15917.0,11615.0,13029.0,16911.0,110.0,5.0,110.0,5.0,0.0,2.0,0.0,0.0
1698068230.954649,70,2048.0,-1923.0,16317.0,14059.0,14878.0,16976.0,110.0,5.0,110.0,5.0,0.0,2.0,0.0,0.0
1698068231.1359792,70,1607.0,-1387.0,16203.0,13812.0,14634.0,18403.0,110.0,5.0,110.0,5.0,0.0,2.0,0.0,0.0
1698068231.344619,70,1986.0,-1752.0,15910.0,13204.0,14420.0,17374.0,110.0,5.0,110.0,5.0,0.0,2.0,0.0,0.0
1698068231.5550961,70,1244.0,-1163.0,15890.0,14546.0,15028.0,17673.0,110.0,5.0,110.0,5.0,0.0,2.0,0.0,0.0
1698068231.736037,70,1755.0,-709.0,16417.0,13250.0,14609.0,16917.0,110.0,5.0,110.0,5.0,0.0,2.0,0.0,0.0
1698068231.9447188,70,691.0,-1444.0,16070.0,14596.0,14656.0,17955.0,110.0,5.0,110.0,5.0,0.0,2.0,0.0,0.0
1698068232.154763,70,1595.0,-1956.0,16132.0,12607.0,14290.0,17470.0,110.0,5.0,110.0,5.0,0.0,2.0,0.0,0.0
1698068232.335768,70,1383.0,-1182.0,15968.0,14897.0,15078.0,17076.0,110.0,5.0,110.0,5.0,0.0,2.0,0.0,0.0
1698068232.544713,70,1763.0,-1100.0,15988.0,13291.0,14315.0,18424.0,110.0,5.0,110.0,5.0,0.0,2.0,0.0,0.0
1698068232.7552428,70,691.0,-1600.0,16350.0,14986.0,14421.0,16884.0,110.0,5.0,110.0,5.0,0.0,2.0,0.0,0.0
1698068232.9360409,70,1038.0,-859.0,16075.0,13491.0,14581.0,18410.0,110.0,5.0,110.0,5.0,0.0,2.0,0.0,0.0
1698068233.145241,70,661.0,-48.0,16259.0,15689.0,14487.0,17159.0,110.0,5.0,110.0,5.0,0.0,2.0,0.0,0.0
1698068233.355245,70,697.0,-597.0,16516.0,14106.0,13730.0,16037.0,110.0,5.0,110.0,5.0,0.0,2.0,0.0,0.0
1698068233.536176,70,1876.0,-46.0,15778.0,15499.0,14103.0,16165.0,110.0,5.0,110.0,5.0,0.0,2.0,0.0,0.0
1698068233.745076,70,1368.0,-615.0,14944.0,12362.0,13153.0,17282.0,110.0,5.0,110.0,5.0,0.0,2.0,0.0,0.0
1698068233.954804,70,2610.0,-1814.0,16615.0,13504.0,14348.0,16197.0,110.0,5.0,110.0,5.0,0.0,2.0,0.0,0.0
1698068234.164774,70,1847.0,-3423.0,14943.0,11055.0,11987.0,16806.0,110.0,5.0,110.0,5.0,0.0,2.0,0.0,0.0
1698068234.375167,70,1367.0,-3783.0,15633.0,12208.0,14058.0,16437.0,110.0,5.0,110.0,5.0,0.0,2.0,0.0,0.0
1698068234.554754,70,1311.0,-3914.0,15101.0,10241.0,12369.0,16974.0,110.0,5.0,110.0,5.0,0.0,2.0,0.0,0.0
1698068234.764982,70,1231.0,-2452.0,16533.0,12921.0,13340.0,16736.0,110.0,5.0,110.0,5.0,0.0,2.0,0.0,0.0
1698068234.975215,70,1463.0,-1775.0,16570.0,12526.0,14412.0,17331.0,110.0,5.0,110.0,5.0,0.0,2.0,0.0,0.0
1698068235.154767,70,2063.0,-1084.0,15557.0,14032.0,15088.0,17198.0,110.0,15.0,110.0,15.0,0.0,2.0,0.0,0.0
1698068235.364711,70,1860.0,-167.0,17354.0,16015.0,14110.0,16306.0,110.0,15.0,110.0,15.0,0.0,2.0,0.0,0.0
1698068235.5749779,70,1775.0,-282.0,16318.0,14742.0,13568.0,17001.0,110.0,5.0,110.0,5.0,0.0,2.0,0.0,0.0
1698068235.755008,70,1332.0,-502.0,17121.0,13920.0,13000.0,14396.0,110.0,5.0,110.0,5.0,0.0,2.0,0.0,0.0
1698068235.9658709,70,1031.0,-18.0,15167.0,12926.0,14940.0,19535.0,110.0,5.0,110.0,5.0,0.0,2.0,0.0,0.0
1698068236.1748052,70,1199.0,-771.0,16209.0,15921.0,13975.0,16116.0,110.0,5.0,110.0,5.0,0.0,2.0,0.0,0.0
1698068236.355204,70,1932.0,-661.0,15824.0,11155.0,11956.0,14663.0,110.0,5.0,110.0,5.0,0.0,2.0,0.0,0.0
1698068236.564766,70,1378.0,-1266.0,15944.0,16016.0,15245.0,16539.0,110.0,5.0,110.0,5.0,0.0,2.0,0.0,0.0
1698068236.775085,70,1924.0,-1406.0,16393.0,12606.0,13466.0,16580.0,110.0,5.0,110.0,5.0,0.0,2.0,0.0,0.0
1698068236.955968,70,2696.0,-899.0,16644.0,15061.0,14438.0,16155.0,110.0,5.0,110.0,5.0,0.0,2.0,0.0,0.0
1698068237.1647859,70,2169.0,-341.0,16226.0,14039.0,14198.0,18207.0,110.0,5.0,110.0,5.0,0.0,2.0,0.0,0.0
1698068237.375544,70,1624.0,-1138.0,16018.0,13411.0,14222.0,16863.0,110.0,5.0,110.0,5.0,0.0,2.0,0.0,0.0
1698068237.554775,70,1880.0,-943.0,16748.0,13755.0,14113.0,15790.0,110.0,5.0,110.0,5.0,0.0,2.0,0.0,0.0
1698068237.765065,70,1742.0,-251.0,15871.0,13044.0,13854.0,19282.0,110.0,5.0,110.0,5.0,0.0,2.0,0.0,0.0
1698068237.974815,70,1571.0,-1431.0,16190.0,14829.0,13537.0,15272.0,110.0,5.0,110.0,5.0,0.0,2.0,0.0,0.0
1698068238.154804,70,-173.0,-3018.0,16134.0,11093.0,12287.0,17166.0,110.0,5.0,110.0,5.0,0.0,2.0,0.0,0.0
1698068238.394778,70,1575.0,-3104.0,16883.0,13896.0,15389.0,17640.0,110.0,5.0,110.0,5.0,0.0,2.0,0.0,0.0
1698068238.574767,70,1239.0,-2250.0,15718.0,11534.0,12757.0,17075.0,110.0,5.0,110.0,5.0,0.0,2.0,0.0,0.0
1698068238.785006,70,1327.0,-2934.0,15463.0,13388.0,14895.0,16282.0,110.0,5.0,110.0,5.0,0.0,2.0,0.0,0.0
1698068238.995755,70,815.0,-3692.0,16339.0,10738.0,12542.0,18034.0,110.0,5.0,110.0,5.0,0.0,2.0,0.0,0.0
1698068239.175205,70,2674.0,-2839.0,16807.0,14033.0,14420.0,16520.0,110.0,5.0,110.0,5.0,0.0,2.0,0.0,0.0
1698068239.384835,70,1408.0,-1626.0,16072.0,12890.0,13921.0,17278.0,110.0,5.0,110.0,5.0,0.0,2.0,0.0,0.0
1698068239.594773,70,2148.0,-1503.0,16278.0,12246.0,14888.0,16542.0,110.0,5.0,110.0,5.0,0.0,2.0,0.0,0.0
1698068239.7750869,70,1867.0,-861.0,15999.0,15046.0,15752.0,17132.0,110.0,5.0,110.0,5.0,0.0,2.0,0.0,0.0
1698068239.9848871,70,3039.0,-1539.0,17972.0,13911.0,14245.0,17708.0,110.0,5.0,110.0,5.0,0.0,2.0,0.0,0.0
1698068240.194776,70,1783.0,-657.0,15594.0,14817.0,13811.0,16536.0,110.0,5.0,110.0,5.0,0.0,2.0,0.0,0.0
1698068240.374806,70,1736.0,-1487.0,15549.0,12093.0,14004.0,17564.0,110.0,5.0,110.0,5.0,0.0,2.0,0.0,0.0
1698068240.584828,70,1108.0,-803.0,15524.0,15547.0,14786.0,17974.0,110.0,5.0,110.0,5.0,0.0,2.0,0.0,0.0
1698068240.7947931,70,2597.0,-1388.0,18064.0,13049.0,13696.0,15826.0,110.0,5.0,110.0,5.0,0.0,2.0,0.0,0.0
1698068240.975193,70,1664.0,226.0,15967.0,14882.0,14569.0,17259.0,110.0,5.0,110.0,5.0,0.0,2.0,0.0,0.0
1698068241.184834,70,2746.0,-255.0,16215.0,15889.0,13660.0,14945.0,110.0,5.0,110.0,5.0,0.0,2.0,0.0,0.0
1698068241.394772,70,1139.0,-649.0,14873.0,12135.0,13132.0,18016.0,110.0,5.0,110.0,5.0,0.0,2.0,0.0,0.0
1698068241.575578,70,1991.0,1038.0,17400.0,14771.0,12622.0,13372.0,110.0,5.0,110.0,5.0,0.0,2.0,0.0,0.0
1698068241.785265,70,1331.0,232.0,14650.0,12883.0,12767.0,17447.0,110.0,5.0,110.0,5.0,0.0,2.0,0.0,0.0
1698068241.9948292,70,1803.0,-193.0,16261.0,13889.0,14112.0,14452.0,110.0,5.0,110.0,5.0,0.0,2.0,0.0,0.0
1698068242.174747,70,1722.0,625.0,15345.0,14357.0,15403.0,17128.0,110.0,5.0,110.0,5.0,0.0,2.0,0.0,0.0
1698068242.384777,70,1808.0,-1224.0,15800.0,14590.0,14341.0,16047.0,110.0,5.0,110.0,5.0,0.0,2.0,0.0,0.0
1698068242.59483,70,1759.0,-1119.0,15718.0,13473.0,13891.0,16374.0,110.0,5.0,110.0,5.0,0.0,2.0,0.0,0.0
1698068242.77472,70,2265.0,-1530.0,16087.0,13689.0,14018.0,17069.0,110.0,5.0,110.0,5.0,0.0,2.0,0.0,0.0
1698068242.984802,70,977.0,-3118.0,14648.0,11906.0,13761.0,18789.0,110.0,5.0,110.0,5.0,0.0,2.0,0.0,0.0
1698068243.19558,70,2164.0,-1984.0,17246.0,12332.0,13744.0,16734.0,110.0,5.0,110.0,5.0,0.0,2.0,0.0,0.0
1698068243.37551,70,106.0,-2402.0,15295.0,13970.0,15131.0,19696.0,110.0,5.0,110.0,5.0,0.0,2.0,0.0,0.0
1698068243.5848122,70,1331.0,-2191.0,17278.0,11350.0,13878.0,17628.0,110.0,5.0,110.0,5.0,0.0,2.0,0.0,0.0
1698068243.796093,70,827.0,-2014.0,15753.0,15610.0,14195.0,14910.0,110.0,5.0,110.0,5.0,0.0,2.0,0.0,0.0
1698068243.9748979,70,1627.0,-1191.0,16769.0,10883.0,12122.0,16332.0,110.0,5.0,110.0,5.0,0.0,2.0,0.0,0.0
1698068244.18531,70,1486.0,-1236.0,15310.0,16310.0,14942.0,15791.0,110.0,5.0,110.0,5.0,0.0,2.0,0.0,0.0
1698068244.394833,70,2150.0,-1990.0,16993.0,10673.0,11879.0,16057.0,110.0,5.0,110.0,5.0,0.0,2.0,0.0,0.0
1698068244.5749059,70,1292.0,-2150.0,15605.0,14684.0,14666.0,16154.0,110.0,5.0,110.0,5.0,0.0,2.0,0.0,0.0
1698068244.785593,70,1688.0,-2429.0,16375.0,11422.0,12597.0,16373.0,110.0,5.0,110.0,5.0,0.0,2.0,0.0,0.0
1698068244.995696,70,2542.0,-1796.0,15659.0,13275.0,13551.0,15423.0,110.0,5.0,110.0,5.0,0.0,2.0,0.0,0.0
1698068245.177331,70,2400.0,-1834.0,15299.0,11074.0,12230.0,15216.0,110.0,5.0,110.0,5.0,0.0,2.0,0.0,0.0
1698068245.385567,70,5887.0,-907.0,16618.0,12525.0,12297.0,14656.0,110.0,5.0,110.0,5.0,0.0,2.0,0.0,0.0
1698068245.594825,70,4669.0,-1559.0,14113.0,11512.0,11980.0,15043.0,110.0,5.0,110.0,5.0,0.0,2.0,0.0,0.0
1698068245.7755399,70,6234.0,-973.0,16595.0,12389.0,12614.0,14980.0,110.0,5.0,110.0,5.0,0.0,2.0,0.0,0.0
1698068245.9856482,70,2445.0,-1252.0,14688.0,14807.0,14162.0,16853.0,110.0,5.0,110.0,5.0,0.0,2.0,0.0,0.0
1698068246.194808,70,3722.0,-211.0,18397.0,12411.0,12617.0,14641.0,110.0,5.0,110.0,5.0,0.0,2.0,0.0,0.0
1698068246.37599,70,456.0,891.0,15409.0,15870.0,12886.0,15702.0,110.0,15.0,110.0,15.0,0.0,2.0,0.0,0.0
1698068246.5847569,70,84.0,1383.0,15750.0,14151.0,13892.0,15785.0,110.0,5.0,110.0,5.0,0.0,2.0,0.0,0.0
1698068246.796185,70,-343.0,1418.0,15707.0,16846.0,13698.0,14392.0,110.0,5.0,110.0,5.0,0.0,2.0,0.0,0.0
1698068246.975569,70,-519.0,243.0,18318.0,14271.0,14442.0,19566.0,110.0,5.0,110.0,5.0,0.0,2.0,0.0,0.0
1698068247.215611,70,472.0,-24.0,16357.0,15566.0,14325.0,16613.0,110.0,5.0,110.0,5.0,0.0,2.0,0.0,0.0
1698068247.4256148,70,2885.0,-1503.0,17464.0,11561.0,12270.0,14489.0,110.0,5.0,110.0,5.0,0.0,2.0,0.0,0.0
1698068247.607329,70,2434.0,-771.0,15560.0,15117.0,14691.0,17256.0,110.0,5.0,110.0,5.0,0.0,2.0,0.0,0.0
1698068247.81515,70,5475.0,-1662.0,16330.0,11006.0,11693.0,13125.0,110.0,5.0,110.0,5.0,0.0,2.0,0.0,0.0
1698068248.025615,70,3778.0,-271.0,15795.0,13810.0,13965.0,16396.0,110.0,5.0,110.0,5.0,0.0,2.0,0.0,0.0
1698068248.2055612,70,4372.0,123.0,16125.0,15091.0,13193.0,14626.0,110.0,5.0,110.0,5.0,0.0,2.0,0.0,0.0
1698068248.415598,70,2530.0,-418.0,15886.0,11755.0,12193.0,16490.0,110.0,5.0,110.0,5.0,0.0,2.0,0.0,0.0
1698068248.625802,70,2332.0,-1284.0,15323.0,15070.0,14680.0,16141.0,110.0,5.0,110.0,5.0,0.0,2.0,0.0,0.0
1698068248.8048449,70,1032.0,-2052.0,15860.0,12035.0,12955.0,18384.0,110.0,5.0,110.0,5.0,0.0,2.0,0.0,0.0
1698068249.017467,70,379.0,-1800.0,15797.0,12874.0,13121.0,15422.0,110.0,5.0,110.0,5.0,0.0,2.0,0.0,0.0
1698068249.225662,70,1727.0,-2090.0,17350.0,12166.0,14231.0,18530.0,110.0,5.0,110.0,5.0,0.0,2.0,0.0,0.0
1698068249.40554,70,1675.0,-2345.0,15292.0,15694.0,14222.0,17616.0,110.0,5.0,110.0,5.0,0.0,2.0,0.0,0.0
1698068249.615621,70,2249.0,-1992.0,15946.0,11081.0,12806.0,15626.0,110.0,5.0,110.0,5.0,0.0,2.0,0.0,0.0
1698068249.82563,70,2061.0,-2066.0,15954.0,14515.0,14169.0,16087.0,110.0,5.0,110.0,5.0,0.0,2.0,0.0,0.0
1698068250.005225,70,2454.0,-1922.0,16153.0,11263.0,12918.0,17309.0,110.0,5.0,110.0,5.0,0.0,2.0,0.0,0.0
1698068250.247768,70,2473.0,-1819.0,16027.0,14216.0,13938.0,15715.0,110.0,5.0,110.0,5.0,0.0,2.0,0.0,0.0
1698068250.425809,70,2596.0,-2074.0,15686.0,11927.0,13467.0,17069.0,110.0,5.0,110.0,5.0,0.0,2.0,0.0,0.0
1698068250.6057138,70,2697.0,-2488.0,16006.0,12675.0,15336.0,17501.0,110.0,5.0,110.0,5.0,0.0,2.0,0.0,0.0
1698068250.815669,70,1639.0,-2784.0,15871.0,13253.0,14983.0,18586.0,110.0,5.0,110.0,5.0,0.0,2.0,0.0,0.0
1698068251.02562,70,2143.0,-2702.0,16113.0,11115.0,13751.0,16031.0,110.0,5.0,110.0,5.0,0.0,2.0,0.0,0.0
1698068251.205762,70,2231.0,-2071.0,15978.0,14444.0,15723.0,17116.0,110.0,5.0,110.0,5.0,0.0,2.0,0.0,0.0
1698068251.415633,70,2464.0,-2598.0,16344.0,12410.0,13884.0,17382.0,110.0,5.0,110.0,5.0,0.0,2.0,0.0,0.0
1698068251.625634,70,2599.0,-573.0,14933.0,12476.0,12837.0,14474.0,110.0,5.0,110.0,5.0,0.0,2.0,0.0,0.0
1698068251.8056278,70,3231.0,-637.0,16478.0,14943.0,14871.0,17773.0,110.0,5.0,110.0,5.0,0.0,2.0,0.0,0.0
1698068252.015615,70,2333.0,-124.0,16316.0,14164.0,13604.0,16953.0,110.0,5.0,110.0,5.0,0.0,2.0,0.0,0.0
1698068252.2249131,70,2830.0,1119.0,14692.0,12328.0,11535.0,13502.0,110.0,5.0,110.0,5.0,0.0,2.0,0.0,0.0
1698068252.405981,70,2976.0,-82.0,15660.0,15564.0,14724.0,17519.0,110.0,5.0,110.0,5.0,0.0,2.0,0.0,0.0
1698068252.615646,70,2760.0,961.0,15980.0,14107.0,13502.0,14869.0,110.0,5.0,110.0,5.0,0.0,2.0,0.0,0.0
1698068252.8256168,70,3079.0,853.0,16877.0,12084.0,11853.0,13289.0,110.0,5.0,110.0,5.0,0.0,2.0,0.0,0.0
1698068253.007443,70,2349.0,-43.0,15356.0,15115.0,14568.0,17929.0,110.0,5.0,110.0,5.0,0.0,2.0,0.0,0.0
1698068253.2148762,70,3015.0,-1379.0,16302.0,14313.0,13766.0,15436.0,110.0,5.0,110.0,5.0,0.0,2.0,0.0,0.0
1698068253.425668,70,2027.0,-1003.0,15689.0,12224.0,13365.0,16998.0,110.0,5.0,110.0,5.0,0.0,2.0,0.0,0.0
1698068253.605609,70,1635.0,-1052.0,15864.0,15537.0,15613.0,17889.0,110.0,5.0,110.0,5.0,0.0,2.0,0.0,0.0
1698068253.81567,70,1207.0,-138.0,15133.0,12613.0,12270.0,14308.0,110.0,5.0,110.0,5.0,0.0,2.0,0.0,0.0
1698068254.0256062,70,3047.0,1934.0,17359.0,14958.0,12654.0,13658.0,110.0,5.0,110.0,5.0,0.0,2.0,0.0,0.0
1698068254.2056189,70,1179.0,1652.0,14345.0,15206.0,13965.0,16827.0,110.0,5.0,110.0,5.0,0.0,2.0,0.0,0.0
1698068254.4148278,70,2533.0,3046.0,18539.0,12013.0,12504.0,13981.0,110.0,5.0,110.0,5.0,0.0,2.0,0.0,0.0
1698068254.625067,70,841.0,-3375.0,13782.0,14176.0,13795.0,19540.0,110.0,5.0,110.0,5.0,0.0,2.0,0.0,0.0
1698068254.80567,70,1331.0,-2178.0,17813.0,13691.0,16105.0,16693.0,110.0,5.0,110.0,5.0,0.0,2.0,0.0,0.0
1698068255.015682,70,259.0,-2935.0,14723.0,15382.0,14839.0,16298.0,110.0,5.0,110.0,5.0,0.0,2.0,0.0,0.0
1698068255.2256742,70,1799.0,741.0,16493.0,12567.0,14061.0,17327.0,110.0,5.0,110.0,5.0,0.0,2.0,0.0,0.0
1698068255.4073482,70,340.0,-713.0,15519.0,16133.0,14407.0,15406.0,110.0,5.0,110.0,5.0,0.0,2.0,0.0,0.0
1698068255.614942,70,705.0,-757.0,16034.0,11284.0,12713.0,16550.0,110.0,5.0,110.0,5.0,0.0,2.0,0.0,0.0
1698068255.85571,70,957.0,-541.0,16016.0,17146.0,14174.0,15072.0,110.0,5.0,110.0,5.0,0.0,2.0,0.0,0.0
1698068256.035661,70,375.0,-62.0,16199.0,12529.0,12492.0,16733.0,110.0,5.0,110.0,5.0,0.0,2.0,0.0,0.0
1698068256.2460961,70,341.0,707.0,16093.0,13216.0,12567.0,13557.0,110.0,5.0,110.0,5.0,0.0,2.0,0.0,0.0
1698068256.455683,70,-82.0,-1224.0,16297.0,12818.0,13661.0,18901.0,110.0,5.0,110.0,5.0,0.0,2.0,0.0,0.0
1698068256.6357388,70,-1456.0,-2550.0,15713.0,14704.0,14134.0,18232.0,110.0,5.0,110.0,5.0,0.0,2.0,0.0,0.0
1698068256.845825,70,-3414.0,-2177.0,15668.0,13005.0,12997.0,18143.0,110.0,5.0,110.0,5.0,0.0,2.0,0.0,0.0
1698068257.054873,70,-5727.0,-1738.0,16226.0,14148.0,12697.0,18064.0,110.0,5.0,110.0,5.0,0.0,2.0,0.0,0.0
1698068257.234888,70,-5743.0,-655.0,15820.0,14583.0,12891.0,17549.0,110.0,5.0,110.0,5.0,0.0,2.0,0.0,0.0
1698068257.4460459,70,-5392.0,-293.0,15909.0,14447.0,13002.0,17318.0,110.0,5.0,110.0,5.0,0.0,2.0,0.0,0.0
1698068257.655863,70,-4258.0,-504.0,16673.0,14861.0,13008.0,16991.0,110.0,5.0,110.0,5.0,0.0,2.0,0.0,0.0
1698068257.8356109,70,-1351.0,-365.0,15884.0,13719.0,14570.0,18809.0,110.0,5.0,110.0,5.0,0.0,2.0,0.0,0.0
1698068258.045274,70,2129.0,-767.0,15615.0,15166.0,14921.0,15703.0,110.0,5.0,110.0,5.0,0.0,2.0,0.0,0.0
1698068258.2556949,70,4130.0,-677.0,15157.0,12932.0,14655.0,17791.0,110.0,5.0,110.0,5.0,0.0,2.0,0.0,0.0
1698068258.435601,70,5785.0,-158.0,15251.0,11944.0,11759.0,12685.0,110.0,5.0,110.0,5.0,0.0,2.0,0.0,0.0
1698068258.648899,70,6095.0,-133.0,15139.0,11150.0,11643.0,13624.0,110.0,5.0,110.0,5.0,0.0,2.0,0.0,0.0
1698068258.855711,70,4848.0,68.0,15845.0,13643.0,13481.0,15310.0,110.0,5.0,110.0,5.0,0.0,2.0,0.0,0.0
1698068259.0349069,70,3169.0,-350.0,16219.0,13625.0,12916.0,15144.0,110.0,5.0,110.0,5.0,0.0,2.0,0.0,0.0
1698068259.246251,70,2389.0,-382.0,16172.0,13618.0,13493.0,16411.0,110.0,5.0,110.0,5.0,0.0,2.0,0.0,0.0
1698068259.455704,70,1811.0,-320.0,16013.0,15580.0,14065.0,16091.0,110.0,5.0,110.0,5.0,0.0,2.0,0.0,0.0
1698068259.634922,70,1544.0,-877.0,16768.0,12968.0,13685.0,18194.0,110.0,5.0,110.0,5.0,0.0,2.0,0.0,0.0
1698068259.846078,70,2477.0,-278.0,16122.0,15132.0,13369.0,15327.0,110.0,5.0,110.0,5.0,0.0,2.0,0.0,0.0
1698068260.055696,70,1983.0,-619.0,16189.0,13063.0,13594.0,17047.0,110.0,5.0,110.0,5.0,0.0,2.0,0.0,0.0
1698068260.264933,70,3254.0,-129.0,15984.0,15764.0,14532.0,16227.0,110.0,5.0,110.0,5.0,0.0,2.0,0.0,0.0
1698068260.476058,70,2801.0,-289.0,15876.0,12748.0,12962.0,16103.0,110.0,5.0,110.0,5.0,0.0,2.0,0.0,0.0
1698068260.65569,70,2569.0,-437.0,15892.0,13943.0,13670.0,16130.0,110.0,5.0,110.0,5.0,0.0,2.0,0.0,0.0
1698068260.864946,70,2418.0,-957.0,15964.0,14702.0,14603.0,17507.0,110.0,5.0,110.0,5.0,0.0,2.0,0.0,0.0
1698068261.075663,70,2079.0,-1867.0,15993.0,12471.0,13729.0,16931.0,110.0,5.0,110.0,5.0,0.0,2.0,0.0,0.0
1698068261.2555928,70,2802.0,-2138.0,16832.0,13746.0,15306.0,17136.0,110.0,5.0,110.0,5.0,0.0,2.0,0.0,0.0
